"","Date","All Downtown","All Midtown","All Upper East Side","All Upper Manhattan","All Upper West Side","Alley Park","Astoria","Auburndale","Bath Beach","Battery Park City","Bay Ridge","Baychester","Bayside","Bedford Park","Bedford-Stuyvesant","Bellerose","Belmont","Bensonhurst","Bergen Beach","Boerum Hill","Borough Park","Bowne Park","Briarwood","Brighton Beach","Bronx","Bronxwood","Brooklyn","Brooklyn Heights","Brookville","Brownsville","Bushwick","Cambria Heights","Canarsie","Carroll Gardens","Castle Hill","Central Harlem","Central Park South","Central Queens","Chelsea","Chinatown","City Island","Civic Center","Clearview","Clinton Hill","Co-op City","Cobble Hill","College Point","Columbia St Waterfront District","Concourse","Coney Island","Corona","Country Club","Crotona Park East","Crown Heights","Ditmas Park","Douglaston","Downtown Brooklyn","DUMBO","Dyker Heights","East Brooklyn","East Elmhurst","East Flatbush","East Harlem","East New York","East Tremont","East Village","Eastchester","Edenwald","Elmhurst","Financial District","Flatbush","Flatiron","Flatlands","Floral Park","Flushing","Fordham","Forest Hills","Fort Greene","Fresh Meadows","Gerritsen Beach","Glen Oaks","Glendale","Gowanus","Gramercy Park","Gravesend","Greenpoint","Greenwich Village","Greenwood","Hamilton Heights","Highbridge","Hillcrest","Hollis","Howard Beach","Hunts Point","Inwood","Jackson Heights","Jamaica","Jamaica Estates","Jamaica Hills","Kensington","Kew Gardens","Kew Gardens Hills","Kingsbridge","Laconia","Laurelton","Little Italy","Little Neck","Long Island City","Longwood","Lower East Side","Manhattan","Manhattan Beach","Manhattanville","Marble Hill","Marine Park","Maspeth","Melrose","Middle Village","Midtown","Midtown East","Midtown South","Midtown West","Midwood","Mill Basin","Morningside Heights","Morris Heights","Morris Park","Morrisania","Mott Haven","New Hyde Park","Nolita","North Brooklyn","North Corona","Northeast Queens","Northwest Brooklyn","Northwest Queens","Norwood","NYC","Oakland Gardens","Ocean Parkway","Old Mill Basin","Ozone Park","Park Slope","Parkchester","Pelham Bay","Pelham Gardens","Pelham Parkway","Pomonok","Port Morris","Prospect Heights","Prospect Lefferts Gardens","Prospect Park","Prospect Park South","Queens","Queens Village","Queensboro Hill","Red Hook","Rego Park","Richmond Hill","Ridgewood","Riverdale","Rockaway All","Roosevelt Island","Rosedale","Schuylerville","Seagate","Sheepshead Bay","Soho","Soundview","South Brooklyn","South Jamaica","South Ozone Park","South Queens","South Richmond Hill","Springfield Gardens","St. Albans","Staten Island","Stuyvesant Town/PCV","Sunnyside","Sunset Park","The Rockaways","Throgs Neck","Tremont","Tribeca","University Heights","Upper East Side","Upper West Side","Utopia","Van Nest","Wakefield","Washington Heights","West Harlem","West Village","Westchester Village","Whitestone","Williamsbridge","Williamsburg","Windsor Terrace","Woodhaven","Woodlawn","Woodside","Woodstock"
"1",2010-01-31,4400,4700,3500,2000,4200,NA,1700,NA,NA,4615,1600,NA,NA,NA,1675,NA,NA,NA,NA,3000,NA,NA,NA,NA,2100,NA,2374,3850,NA,NA,NA,NA,NA,2300,NA,2100,11500,2000,4900,NA,NA,NA,NA,2240,NA,NA,NA,NA,NA,NA,NA,NA,NA,2000,NA,NA,2400,4348,NA,1700,NA,NA,2000,NA,NA,2900,NA,NA,NA,4375,NA,5800,NA,NA,NA,NA,2100,2800,NA,NA,NA,NA,NA,3695,NA,2750,4500,1950,1900,NA,NA,NA,NA,NA,NA,NA,NA,NA,NA,NA,NA,NA,NA,NA,NA,4100,NA,3150,NA,2625,4000,NA,NA,NA,NA,NA,NA,NA,5998,4473,5548,4050,NA,NA,2175,NA,NA,NA,NA,NA,3750,2750,NA,1650,2600,2065,NA,3500,NA,NA,NA,NA,2350,NA,NA,NA,NA,NA,NA,2988,NA,2300,NA,1950,NA,NA,NA,NA,NA,NA,2300,NA,NA,NA,NA,NA,NA,6900,NA,1650,NA,NA,NA,NA,NA,NA,NA,NA,1980,1550,NA,NA,NA,8000,NA,3500,4200,NA,NA,NA,1585,NA,4500,NA,NA,NA,2725,NA,NA,NA,NA,NA
"2",2010-02-28,4450,4500,3650,1985,4100,NA,1800,NA,NA,4888,1675,NA,NA,NA,1650,NA,NA,NA,NA,3000,NA,NA,NA,NA,2100,NA,2354,3900,NA,NA,NA,NA,NA,2275,NA,2100,10000,1800,5500,NA,NA,NA,NA,2240,NA,NA,NA,NA,NA,NA,NA,NA,NA,2000,NA,NA,2400,4650,NA,1700,NA,NA,2100,NA,NA,2975,NA,NA,NA,4475,NA,5450,NA,NA,NA,NA,2100,2675,NA,NA,NA,NA,NA,3550,NA,2625,4300,1750,1900,NA,NA,NA,NA,NA,NA,NA,NA,NA,NA,NA,NA,NA,NA,NA,NA,3625,NA,3125,NA,2698,3995,NA,NA,NA,NA,NA,NA,NA,5970,4200,5900,4033,NA,NA,2150,NA,NA,NA,NA,NA,3595,2700,NA,1713,2573,2100,NA,3500,NA,NA,NA,NA,2350,NA,NA,NA,NA,NA,NA,2935,NA,2300,NA,2000,NA,NA,NA,NA,NA,NA,2300,NA,NA,NA,NA,NA,NA,6950,NA,1600,NA,NA,NA,NA,NA,NA,NA,NA,1940,1550,NA,NA,NA,7850,NA,3650,4100,NA,NA,NA,1597,NA,4850,NA,NA,NA,2775,NA,NA,NA,NA,NA
"3",2010-03-31,4400,4500,3800,1950,4100,NA,1800,NA,NA,4600,1625,NA,NA,NA,1600,NA,NA,NA,NA,2999,NA,NA,NA,NA,2000,NA,2306,5500,NA,NA,NA,NA,NA,2300,NA,2000,10000,1950,5500,NA,NA,NA,NA,2125,NA,NA,NA,NA,NA,NA,NA,NA,NA,1950,NA,NA,2476,3400,NA,1650,NA,NA,2195,NA,NA,2995,NA,NA,NA,4050,NA,5950,NA,NA,NA,NA,2100,2400,NA,NA,NA,NA,NA,3663,NA,2350,4195,NA,1700,NA,NA,NA,NA,NA,NA,NA,NA,NA,NA,NA,NA,NA,NA,NA,NA,2999,NA,3100,NA,2600,4000,NA,NA,NA,NA,NA,NA,NA,5900,4125,6000,3850,NA,NA,1975,NA,NA,NA,NA,NA,3700,2750,NA,1700,2550,2200,NA,3500,NA,NA,NA,NA,2400,NA,NA,NA,NA,NA,NA,2895,NA,2300,NA,2000,NA,NA,NA,NA,NA,NA,2200,NA,2961,NA,NA,NA,NA,7000,NA,1600,NA,NA,NA,NA,NA,NA,NA,NA,1800,1575,NA,NA,NA,7500,NA,3800,4100,NA,NA,NA,1675,NA,4800,NA,NA,NA,2800,NA,NA,NA,NA,NA
"4",2010-04-30,4400,4495,3950,1950,4498,NA,1875,NA,NA,4975,1550,NA,NA,NA,1650,NA,NA,NA,NA,2600,NA,NA,NA,NA,1950,NA,2300,4000,NA,NA,1645,NA,NA,2300,NA,2000,11000,2000,5495,NA,NA,NA,NA,2125,NA,3245,NA,NA,NA,NA,NA,NA,NA,1888,NA,NA,2400,4198,NA,1700,NA,NA,2195,NA,NA,2900,NA,NA,NA,4300,NA,5495,NA,NA,NA,NA,2100,2500,NA,NA,NA,NA,NA,3900,NA,2150,4150,NA,1800,NA,NA,NA,NA,NA,NA,NA,NA,NA,NA,NA,NA,NA,NA,NA,NA,3150,NA,3023,NA,2600,4100,NA,NA,NA,NA,NA,NA,NA,5775,4100,6000,3902,NA,NA,1975,NA,NA,NA,NA,NA,3698,2900,NA,1550,2600,2200,NA,3500,NA,NA,NA,NA,2500,NA,NA,NA,NA,NA,NA,2150,NA,2300,NA,2083,NA,NA,NA,NA,NA,NA,2200,NA,2959,NA,NA,NA,NA,6500,NA,1595,NA,NA,NA,NA,NA,NA,NA,NA,1800,1500,NA,NA,NA,8125,NA,3950,4498,NA,NA,NA,1700,NA,4900,NA,NA,NA,3000,NA,NA,NA,2100,NA
"5",2010-05-31,4400,4500,3965,1975,4500,NA,1950,NA,NA,5125,NA,NA,NA,NA,1700,NA,NA,NA,NA,NA,NA,NA,NA,NA,1950,NA,2406,4000,NA,NA,1575,NA,NA,2300,NA,2000,11000,1550,5473,2250,NA,NA,NA,2350,NA,3350,NA,NA,NA,NA,1550,NA,NA,1885,NA,NA,2488,4198,NA,1700,NA,NA,2125,NA,NA,2800,NA,NA,NA,4500,NA,6500,NA,NA,NA,NA,2050,2700,NA,NA,NA,NA,NA,3998,NA,2450,4000,1800,1900,NA,NA,NA,NA,NA,NA,NA,NA,NA,NA,NA,NA,NA,NA,NA,NA,4475,NA,3148,NA,2600,4200,NA,NA,NA,NA,NA,NA,NA,5750,4450,6000,4060,NA,NA,2295,NA,NA,NA,NA,NA,3895,2900,NA,1650,2725,2100,NA,3570,NA,NA,NA,NA,2500,NA,NA,NA,NA,NA,NA,2200,NA,2473,NA,1825,NA,NA,NA,NA,NA,NA,2100,NA,3150,NA,NA,NA,NA,6500,NA,1700,NA,NA,NA,NA,NA,NA,NA,NA,1650,1550,NA,NA,NA,8000,NA,3965,4500,NA,NA,NA,1798,NA,4500,NA,NA,NA,3000,NA,NA,NA,NA,NA
"6",2010-06-30,4295,4500,3900,1975,4500,NA,1907,NA,NA,5823,1650,NA,NA,NA,1600,NA,NA,NA,NA,3163,NA,NA,NA,NA,1998,NA,2500,4400,NA,NA,NA,NA,NA,2375,NA,2000,11000,1550,5498,2200,NA,NA,NA,2150,NA,NA,NA,NA,NA,NA,1550,NA,NA,1838,NA,NA,2881,4350,NA,1650,NA,NA,2125,NA,NA,2800,NA,NA,NA,4358,NA,6500,NA,NA,NA,NA,2100,2750,NA,NA,NA,NA,NA,4000,NA,2300,4500,1800,1775,NA,NA,NA,NA,NA,NA,NA,NA,NA,NA,NA,NA,NA,NA,NA,NA,4450,NA,3500,NA,2600,4000,NA,NA,NA,NA,NA,NA,NA,5750,4200,6000,4200,NA,NA,2156,NA,NA,NA,NA,NA,3800,2900,NA,1675,2800,2200,NA,3550,NA,NA,NA,NA,2500,NA,NA,NA,NA,NA,NA,2400,NA,2500,NA,1800,NA,NA,NA,NA,NA,NA,2450,NA,3462,NA,NA,NA,NA,5350,NA,1700,NA,NA,NA,NA,NA,NA,NA,NA,1623,NA,NA,NA,NA,8500,NA,3900,4500,NA,NA,NA,1750,NA,4295,NA,NA,NA,3214,NA,NA,NA,NA,NA
"7",2010-07-31,4295,4495,3800,2000,3995,NA,1875,NA,NA,5595,1575,NA,NA,NA,1600,NA,NA,NA,NA,3163,NA,NA,NA,NA,1975,NA,2550,3550,NA,NA,NA,NA,NA,2500,NA,1998,12000,1550,4723,2250,NA,NA,NA,2000,NA,2700,NA,NA,NA,NA,1550,NA,NA,1838,NA,NA,2893,4200,NA,1600,NA,NA,2398,NA,NA,2800,NA,NA,NA,4695,NA,5825,NA,NA,NA,NA,2050,2900,NA,NA,NA,NA,NA,4000,NA,2550,4500,NA,2198,NA,NA,NA,NA,NA,NA,NA,NA,NA,NA,NA,NA,NA,NA,NA,NA,2788,NA,3700,NA,2650,4000,NA,NA,NA,NA,NA,NA,NA,5925,4300,5995,4295,NA,NA,2100,NA,NA,NA,NA,NA,3995,2995,NA,1700,2900,2400,NA,3595,NA,NA,NA,NA,2500,NA,NA,NA,NA,NA,NA,2575,NA,2448,NA,1775,NA,NA,NA,NA,NA,NA,2500,NA,3277,NA,NA,NA,NA,4750,NA,1600,NA,NA,NA,NA,NA,NA,NA,NA,1650,NA,NA,NA,NA,8000,NA,3800,3995,NA,NA,NA,1858,NA,4250,NA,NA,NA,3100,NA,NA,NA,NA,NA
"8",2010-08-31,4500,4500,3700,2000,4000,NA,2000,NA,NA,5445,NA,NA,NA,NA,1525,NA,NA,NA,NA,3000,NA,NA,NA,NA,2200,NA,2550,3500,NA,NA,NA,NA,NA,2450,NA,1975,11000,1550,5208,NA,NA,NA,NA,2150,NA,2600,NA,NA,NA,NA,1550,NA,NA,1500,NA,NA,3200,4498,NA,1500,NA,NA,2395,NA,NA,2950,NA,NA,NA,4600,NA,5950,NA,NA,NA,NA,2100,3050,NA,NA,NA,NA,NA,5248,NA,2600,4500,NA,2200,NA,NA,NA,NA,NA,NA,NA,NA,NA,NA,NA,NA,NA,NA,NA,NA,3950,NA,3630,NA,2825,4045,NA,NA,NA,NA,NA,NA,NA,5673,4300,5808,4493,NA,NA,2200,NA,NA,NA,NA,NA,3798,3195,NA,1675,2975,2500,NA,3600,NA,NA,NA,NA,2500,NA,NA,NA,NA,NA,NA,2675,NA,2450,NA,1800,NA,NA,NA,NA,NA,NA,2750,NA,3289,NA,NA,NA,NA,7500,NA,1595,NA,NA,NA,NA,NA,NA,NA,NA,1650,NA,NA,NA,NA,7950,NA,3700,4000,NA,NA,NA,1869,NA,4098,NA,NA,NA,3275,NA,NA,NA,NA,NA
"9",2010-09-30,5000,4666,3795,2000,4250,NA,1798,NA,NA,5500,1575,NA,NA,NA,1525,NA,NA,NA,NA,3000,NA,NA,NA,NA,1800,NA,2695,3650,NA,NA,NA,NA,NA,2600,NA,1995,12500,1575,5500,3500,NA,NA,NA,2500,NA,NA,NA,NA,NA,NA,1550,NA,NA,1500,NA,NA,3369,4500,NA,1500,NA,NA,2400,NA,NA,3495,NA,NA,NA,4676,NA,5995,NA,NA,NA,NA,2100,2900,NA,NA,NA,NA,NA,6000,NA,2775,5175,NA,2100,NA,NA,NA,NA,NA,NA,NA,NA,NA,NA,NA,NA,NA,NA,NA,NA,5350,NA,3700,NA,2995,4300,NA,NA,NA,NA,NA,NA,NA,5625,4400,5665,4490,NA,NA,NA,NA,NA,NA,NA,NA,4000,3225,NA,1700,3095,3095,NA,3800,NA,NA,NA,NA,2650,NA,NA,NA,NA,NA,NA,NA,NA,2600,NA,1898,NA,NA,NA,NA,NA,NA,2250,NA,3239,NA,NA,NA,NA,8000,NA,1650,NA,NA,NA,NA,NA,NA,NA,NA,1600,NA,NA,NA,NA,7750,NA,3795,4250,NA,NA,NA,1858,NA,4000,NA,NA,NA,3300,NA,NA,NA,NA,NA
"10",2010-10-31,5200,4800,3795,2000,4300,NA,1898,NA,NA,5400,1600,NA,NA,NA,1650,NA,NA,NA,NA,NA,NA,NA,NA,NA,1550,NA,2650,3750,NA,NA,NA,NA,NA,NA,NA,2000,11250,1550,5863,2300,NA,NA,NA,2500,NA,3425,NA,NA,NA,NA,1550,NA,NA,1575,NA,NA,3050,4398,NA,1600,NA,NA,2398,NA,NA,3075,NA,NA,NA,4500,NA,5998,NA,NA,NA,NA,2075,3025,NA,NA,NA,NA,NA,4050,NA,3100,6540,NA,2063,NA,NA,NA,NA,NA,NA,NA,NA,NA,NA,NA,NA,NA,NA,NA,NA,4800,NA,3600,NA,2700,4300,NA,NA,NA,NA,NA,NA,NA,5500,4563,5200,4490,NA,NA,2595,NA,NA,NA,NA,NA,4723,3250,NA,1800,3061,2500,NA,3795,NA,NA,NA,NA,2675,NA,NA,NA,NA,NA,NA,NA,NA,2550,NA,1800,NA,NA,NA,NA,NA,NA,2000,NA,3300,NA,NA,NA,NA,8125,NA,1600,NA,NA,NA,NA,NA,NA,NA,NA,1700,NA,NA,NA,NA,7750,NA,3795,4300,NA,NA,NA,1847,NA,4298,NA,NA,NA,3412,2400,NA,NA,NA,NA
"11",2010-11-30,5250,4800,3950,2100,4250,NA,1775,NA,NA,5650,1600,NA,NA,NA,1700,NA,NA,NA,NA,NA,NA,NA,NA,NA,1850,NA,2500,3850,NA,NA,NA,NA,NA,2300,NA,2000,12500,1550,5700,2350,NA,NA,NA,2350,NA,3125,NA,NA,NA,NA,1550,NA,NA,1725,NA,NA,3025,4300,NA,1650,NA,NA,2650,NA,NA,3000,NA,NA,NA,4675,NA,6500,NA,NA,NA,NA,2050,3050,NA,NA,NA,NA,NA,4700,NA,3100,5895,NA,2060,NA,NA,NA,NA,NA,NA,NA,NA,NA,NA,NA,NA,NA,NA,NA,NA,4850,NA,3550,NA,2750,4400,NA,NA,NA,NA,NA,NA,NA,5973,4743,5150,4448,NA,NA,NA,NA,NA,NA,NA,NA,5000,3100,NA,1800,2973,2200,NA,3800,NA,NA,NA,NA,2500,NA,NA,NA,NA,NA,NA,2700,NA,2500,NA,1800,NA,NA,NA,NA,NA,NA,2100,NA,3250,NA,NA,NA,NA,8400,NA,1625,NA,NA,NA,NA,NA,NA,NA,NA,1785,NA,NA,NA,NA,7825,NA,3950,4250,NA,NA,NA,1850,NA,4500,NA,NA,NA,3300,2400,NA,NA,NA,NA
"12",2010-12-31,5000,4963,3950,2000,4400,NA,2000,NA,NA,5495,1600,NA,NA,NA,1700,NA,NA,NA,NA,NA,NA,NA,NA,NA,1850,NA,2400,4050,NA,NA,1598,NA,NA,NA,NA,1900,11500,1550,5500,2750,NA,NA,NA,2300,NA,NA,NA,NA,NA,NA,1550,NA,NA,1725,NA,NA,3250,4300,NA,1695,NA,NA,2300,NA,NA,2995,NA,NA,NA,4474,NA,6750,NA,NA,NA,NA,1998,3100,NA,NA,NA,NA,NA,4700,NA,2775,5225,NA,2125,NA,NA,NA,NA,NA,1898,NA,NA,NA,NA,NA,NA,NA,NA,NA,NA,4625,NA,3565,NA,3250,4350,NA,NA,NA,NA,NA,NA,NA,5950,4698,5300,4500,NA,NA,2495,NA,NA,NA,NA,NA,NA,2700,NA,1650,2800,2300,NA,3713,NA,NA,NA,NA,2600,NA,NA,NA,NA,NA,NA,2550,NA,2550,NA,1675,NA,NA,NA,NA,NA,NA,2195,NA,3150,NA,NA,NA,2400,8400,NA,1700,NA,NA,NA,NA,NA,NA,NA,NA,1770,NA,NA,NA,NA,7000,NA,3950,4400,NA,NA,NA,1847,NA,4398,NA,NA,NA,2700,NA,NA,NA,NA,NA
"13",2011-01-31,4995,5000,3900,2000,4300,NA,2050,NA,NA,5450,1500,NA,NA,NA,1650,NA,NA,NA,NA,NA,NA,NA,NA,NA,1850,NA,2300,4500,NA,NA,1695,NA,NA,2900,NA,1948,11500,1550,5700,2750,NA,NA,NA,2439,NA,NA,NA,NA,NA,NA,1550,NA,NA,1738,NA,NA,3500,4398,NA,1695,NA,NA,2175,NA,NA,3075,NA,NA,NA,4825,NA,6925,NA,NA,NA,NA,1995,2850,NA,NA,NA,NA,2300,4700,NA,1850,5250,NA,2000,NA,NA,NA,NA,NA,NA,NA,NA,NA,NA,NA,NA,NA,NA,NA,NA,4600,NA,3625,NA,3000,4395,NA,NA,NA,NA,NA,NA,NA,5973,4900,5750,4500,NA,NA,2450,NA,NA,NA,NA,NA,3775,2600,NA,1688,2800,2225,NA,3750,NA,NA,NA,NA,2600,NA,NA,NA,NA,NA,NA,NA,NA,2550,NA,1688,NA,NA,NA,NA,NA,NA,2195,NA,3145,NA,NA,NA,2400,8400,NA,1775,NA,NA,NA,NA,NA,NA,NA,NA,1770,NA,NA,NA,NA,8495,NA,3900,4300,NA,NA,NA,1819,NA,4500,NA,NA,NA,2954,2300,NA,NA,NA,NA
"14",2011-02-28,5350,5000,3888,2000,4500,NA,2000,NA,NA,5238,1500,NA,NA,NA,1600,NA,NA,NA,NA,3200,NA,NA,NA,NA,1850,NA,2300,4500,NA,NA,1695,NA,NA,2900,NA,2000,12000,1550,6000,2500,NA,NA,NA,2415,NA,NA,NA,2200,NA,NA,1550,NA,NA,1750,1573,NA,3350,4598,NA,1695,NA,NA,2200,NA,NA,2995,NA,NA,NA,5363,NA,7000,NA,NA,NA,NA,2100,3000,NA,NA,NA,NA,2300,4475,NA,2175,5498,NA,2050,NA,NA,NA,NA,NA,NA,NA,NA,NA,NA,NA,NA,NA,NA,NA,NA,4775,NA,3803,NA,2750,4500,NA,NA,NA,NA,NA,NA,NA,6100,4850,6000,4500,NA,NA,2548,NA,NA,NA,NA,NA,3645,3000,NA,1900,2750,2400,NA,3700,NA,NA,NA,NA,2500,NA,NA,NA,NA,NA,NA,2550,NA,2500,NA,1700,NA,NA,NA,NA,NA,NA,2198,NA,3145,NA,NA,NA,2500,8500,NA,1650,NA,NA,NA,NA,NA,NA,NA,NA,NA,NA,NA,NA,NA,8200,NA,3888,4500,NA,NA,NA,1790,NA,5350,NA,NA,NA,3392,2400,NA,NA,NA,NA
"15",2011-03-31,5100,5000,3798,2200,4500,NA,2150,NA,NA,5695,1500,NA,NA,NA,1550,NA,NA,NA,NA,NA,NA,NA,NA,NA,2100,NA,2300,4500,NA,NA,1695,NA,NA,NA,NA,2300,12000,1875,5500,2700,NA,NA,NA,2495,NA,NA,NA,2200,NA,NA,NA,NA,NA,1750,1600,NA,3350,4900,NA,1695,NA,NA,2225,NA,NA,3150,NA,NA,NA,5263,NA,6998,NA,NA,NA,NA,2100,2923,NA,NA,NA,NA,NA,4148,NA,2200,5495,2000,2000,NA,NA,NA,NA,NA,NA,NA,NA,NA,NA,2400,NA,NA,NA,NA,NA,4950,NA,3928,NA,3100,4400,NA,NA,NA,NA,NA,NA,NA,5975,4695,5220,4595,NA,NA,3098,NA,NA,NA,NA,NA,3450,2800,NA,1775,2800,2525,NA,3650,NA,NA,NA,NA,2500,NA,NA,NA,NA,NA,NA,2500,NA,2500,NA,2000,NA,NA,NA,NA,NA,NA,2198,NA,3231,NA,NA,NA,1975,8250,NA,1700,NA,NA,NA,NA,NA,NA,NA,NA,NA,1813,NA,NA,NA,7548,NA,3798,4500,NA,NA,NA,1700,2600,4273,NA,NA,NA,3000,2425,NA,NA,NA,NA
"16",2011-04-30,4800,5000,3987,2100,4500,NA,2250,NA,NA,5695,1500,NA,NA,NA,1525,NA,NA,NA,NA,3525,NA,NA,NA,NA,1825,NA,2350,4000,NA,NA,1695,NA,NA,2500,NA,2300,12000,2050,5663,NA,NA,NA,NA,2425,NA,2963,NA,2200,NA,NA,NA,NA,NA,1795,1600,NA,3000,4975,NA,1695,NA,NA,2000,NA,NA,3025,NA,NA,NA,5345,2050,6500,NA,NA,NA,NA,2200,2800,NA,NA,NA,NA,NA,4298,NA,2425,5198,2225,1625,NA,NA,NA,NA,NA,NA,NA,NA,NA,NA,NA,NA,NA,NA,NA,NA,3850,NA,4097,NA,2995,4395,NA,NA,NA,NA,NA,NA,NA,6995,4600,5000,4995,NA,NA,2973,NA,NA,NA,NA,NA,4625,3300,NA,1750,2800,2250,NA,3650,NA,NA,NA,NA,2598,NA,NA,NA,NA,NA,NA,2525,NA,2500,NA,1900,NA,NA,NA,NA,NA,NA,2195,NA,3400,NA,NA,NA,1800,8250,NA,1800,NA,NA,1525,NA,NA,NA,NA,NA,1725,NA,NA,NA,NA,7195,NA,3987,4500,NA,NA,NA,1750,2550,4100,NA,NA,NA,3400,2425,NA,NA,NA,NA
"17",2011-05-31,4700,4995,3895,2200,4750,NA,2300,NA,NA,5718,1650,NA,NA,NA,1550,NA,NA,NA,NA,3750,NA,NA,NA,NA,1700,NA,2450,3850,NA,NA,1695,NA,NA,3125,NA,2395,12500,2050,5500,NA,NA,NA,NA,2571,NA,3125,NA,2200,NA,NA,NA,NA,NA,1850,NA,NA,2853,4700,NA,1695,NA,NA,2000,NA,NA,3100,NA,NA,NA,5200,2100,6550,NA,NA,1750,NA,2450,2800,NA,NA,NA,NA,2750,3700,NA,2675,5773,2375,1750,NA,NA,NA,NA,NA,NA,NA,NA,NA,NA,NA,NA,NA,NA,NA,NA,4225,NA,3798,NA,2950,4350,NA,NA,NA,NA,NA,NA,NA,6750,4600,5100,4690,NA,NA,2525,NA,NA,NA,NA,NA,3995,3350,NA,1700,2850,2550,NA,3600,NA,NA,NA,NA,2700,NA,NA,NA,NA,NA,NA,2573,NA,2600,NA,1975,NA,NA,NA,1913,NA,NA,2198,NA,3500,NA,NA,NA,1750,8700,NA,1650,NA,NA,1463,NA,NA,NA,NA,NA,1773,NA,NA,NA,NA,6995,NA,3895,4750,NA,NA,NA,1795,2550,4175,NA,NA,NA,3400,2250,NA,NA,NA,NA
"18",2011-06-30,4615,4995,3983,2300,4650,NA,2000,NA,NA,5700,1750,NA,NA,NA,1700,NA,NA,NA,NA,2800,NA,NA,NA,NA,1488,NA,2500,5000,NA,NA,1500,NA,NA,2350,NA,2400,12500,2050,5875,NA,NA,NA,NA,2536,NA,2975,NA,NA,NA,NA,NA,NA,NA,1900,1800,NA,2938,4700,NA,1750,NA,NA,2195,NA,NA,3000,NA,NA,NA,5215,2050,6600,NA,NA,NA,NA,2550,2975,NA,NA,NA,NA,NA,4100,NA,2600,5800,2000,2150,NA,NA,NA,NA,NA,NA,NA,NA,NA,NA,NA,NA,NA,NA,NA,NA,3300,NA,4000,NA,3000,4450,NA,NA,NA,NA,NA,NA,NA,6000,4665,5800,4800,NA,NA,2450,NA,NA,NA,1363,NA,3995,3250,NA,1763,3000,2800,NA,3738,NA,NA,NA,NA,2700,NA,NA,NA,NA,NA,NA,2500,NA,2600,NA,2100,NA,NA,NA,1923,NA,NA,2248,NA,3425,NA,NA,NA,1750,6950,NA,1700,NA,NA,NA,NA,NA,NA,NA,NA,1750,NA,NA,NA,NA,6673,NA,3983,4650,NA,NA,NA,1847,2575,4273,NA,NA,NA,3400,NA,NA,NA,NA,NA
"19",2011-07-31,4500,4950,3900,2370,4500,NA,2000,NA,NA,5648,1800,NA,NA,NA,1700,NA,NA,NA,NA,2800,NA,NA,NA,NA,1775,NA,2500,5000,NA,NA,1600,NA,NA,2325,NA,2500,12250,2023,5800,3600,NA,NA,NA,2500,NA,3000,NA,NA,NA,NA,NA,NA,NA,1900,1800,NA,3019,4700,NA,1800,NA,NA,2050,NA,NA,3098,NA,NA,NA,5093,1600,6800,NA,NA,NA,NA,2350,3250,NA,NA,NA,NA,NA,4175,NA,2350,6248,2000,2250,NA,NA,NA,NA,NA,NA,NA,NA,NA,NA,NA,NA,NA,NA,NA,NA,3875,NA,3800,NA,3100,4295,NA,NA,NA,NA,NA,NA,NA,6000,4500,5800,4900,NA,NA,2875,NA,NA,NA,NA,NA,3995,2900,NA,1825,3019,2700,NA,3695,NA,NA,NA,NA,2725,NA,NA,NA,NA,NA,NA,2400,NA,2600,NA,2100,NA,NA,NA,NA,NA,NA,2185,NA,NA,NA,NA,NA,1800,4400,NA,1700,NA,NA,NA,NA,NA,NA,NA,NA,1950,NA,NA,NA,NA,6595,NA,3900,4500,NA,NA,NA,1850,2600,3825,NA,NA,NA,3050,NA,NA,NA,NA,NA
"20",2011-08-31,4500,4950,3850,2370,4600,NA,2000,NA,NA,5600,1825,NA,NA,NA,1700,NA,NA,NA,NA,3200,NA,NA,NA,NA,1725,NA,2600,4000,NA,NA,1500,NA,NA,2400,NA,2500,10500,1988,5500,2650,NA,NA,NA,2525,NA,3200,NA,NA,NA,NA,NA,NA,NA,1775,1800,NA,3041,4700,NA,1700,NA,NA,1990,NA,NA,3348,NA,NA,NA,4698,NA,6000,NA,NA,NA,NA,2450,3075,NA,NA,NA,NA,NA,4050,NA,2300,6400,2050,2250,NA,NA,NA,NA,NA,NA,NA,NA,NA,NA,NA,NA,NA,NA,NA,NA,4550,NA,3945,NA,3295,4350,NA,NA,NA,NA,NA,NA,NA,6000,4500,5490,4868,1500,NA,3000,NA,NA,NA,NA,NA,4200,3100,NA,1800,3200,2750,NA,3800,NA,NA,NA,NA,2800,NA,NA,NA,NA,NA,NA,2575,NA,2725,NA,2075,NA,NA,NA,NA,NA,NA,2200,NA,3100,NA,NA,NA,NA,3454,NA,1600,NA,NA,NA,NA,NA,NA,NA,NA,1900,NA,NA,NA,NA,6500,NA,3850,4600,NA,NA,NA,1850,2600,3850,NA,NA,NA,3470,NA,NA,NA,NA,NA
"21",2011-09-30,4795,5000,4000,2373,4798,NA,2150,NA,NA,5458,1825,NA,NA,NA,1700,NA,NA,NA,NA,NA,NA,NA,NA,NA,1725,NA,2700,4000,NA,NA,1500,NA,NA,3300,NA,2400,12500,2323,6248,3025,NA,NA,NA,2500,NA,NA,NA,NA,NA,NA,NA,NA,NA,1900,NA,NA,3175,4275,NA,1700,NA,NA,2100,NA,NA,3550,NA,NA,NA,4565,NA,6300,NA,NA,NA,NA,2500,2825,NA,NA,NA,NA,NA,4300,NA,2250,6248,NA,2600,NA,NA,NA,NA,NA,NA,NA,NA,NA,NA,NA,NA,NA,NA,NA,NA,4000,NA,3975,NA,3495,4500,NA,NA,NA,NA,NA,NA,NA,6600,4795,6300,4775,1650,NA,3475,NA,NA,NA,NA,NA,4198,3000,NA,1700,3400,3450,NA,4000,NA,NA,NA,NA,3000,NA,NA,NA,NA,NA,NA,2600,NA,2825,NA,2450,NA,NA,NA,NA,NA,NA,2188,NA,3200,NA,NA,NA,1600,8450,NA,1650,NA,NA,NA,NA,NA,NA,NA,NA,NA,NA,NA,NA,NA,7848,NA,4000,4798,NA,NA,NA,1798,NA,4250,NA,NA,NA,3450,NA,NA,NA,NA,NA
"22",2011-10-31,4995,5000,3995,2300,4750,NA,2300,NA,NA,5713,1799,NA,NA,NA,1600,NA,NA,NA,NA,NA,NA,NA,NA,NA,1700,NA,2650,4000,NA,NA,NA,NA,NA,3325,NA,2300,NA,2398,6500,2450,NA,NA,NA,2675,NA,3513,NA,NA,NA,NA,NA,NA,NA,1800,1825,NA,3129,4250,NA,1650,NA,NA,2100,NA,NA,3500,NA,NA,NA,4500,NA,6500,NA,NA,NA,NA,2500,2850,NA,NA,NA,NA,NA,4723,NA,2400,6500,NA,2595,NA,NA,NA,NA,NA,NA,NA,NA,NA,NA,NA,NA,NA,NA,NA,NA,3825,NA,3800,NA,3495,4500,NA,NA,NA,NA,NA,NA,NA,6500,4893,6195,4550,1800,NA,3000,NA,NA,NA,NA,NA,3995,3169,NA,1700,3200,3095,NA,4000,NA,NA,NA,NA,3000,NA,NA,NA,NA,NA,NA,2550,NA,2800,NA,2425,NA,NA,NA,NA,NA,NA,2163,NA,3458,NA,NA,NA,1600,8950,NA,1675,NA,NA,NA,NA,NA,NA,NA,NA,NA,NA,NA,NA,NA,7000,NA,3995,4750,NA,NA,NA,1824,NA,4250,NA,NA,NA,3500,NA,NA,NA,NA,NA
"23",2011-11-30,4900,5100,3993,2300,4950,NA,2400,NA,NA,5310,1825,NA,NA,NA,1795,NA,NA,NA,NA,3398,NA,NA,NA,NA,1600,NA,2600,4800,NA,NA,1600,NA,NA,3400,NA,2400,10500,2225,5950,2400,NA,NA,NA,2600,NA,3200,NA,NA,NA,NA,NA,NA,NA,1850,NA,NA,3156,4600,NA,1700,NA,NA,1995,NA,NA,3773,NA,NA,NA,4500,NA,7000,NA,NA,NA,NA,2410,2800,NA,NA,NA,NA,NA,4825,NA,2200,6950,NA,2595,NA,NA,NA,NA,NA,NA,NA,NA,NA,NA,NA,NA,NA,NA,NA,NA,3750,NA,3860,NA,3395,4500,NA,NA,NA,NA,NA,NA,NA,6400,4750,5500,4795,1700,NA,3000,NA,NA,NA,NA,NA,4450,3300,NA,1700,3150,3200,NA,4000,NA,NA,NA,NA,3000,NA,NA,NA,NA,NA,NA,2500,NA,2598,NA,2295,NA,NA,NA,NA,NA,NA,2125,NA,3500,NA,NA,NA,NA,9000,NA,1600,NA,NA,NA,NA,NA,NA,NA,NA,NA,NA,NA,NA,NA,7798,NA,3993,4950,NA,NA,NA,1850,NA,4195,NA,NA,NA,3587,NA,NA,NA,NA,NA
"24",2011-12-31,4795,5000,4000,2300,4950,NA,2600,NA,NA,5380,NA,NA,NA,NA,1700,NA,NA,NA,NA,3898,NA,NA,NA,NA,1700,NA,2650,4700,NA,NA,1750,NA,NA,3350,NA,2400,10750,2200,5925,NA,NA,NA,NA,2650,NA,4000,NA,NA,NA,NA,NA,NA,NA,1800,NA,NA,3100,4450,NA,1723,NA,NA,2150,NA,NA,3500,NA,NA,NA,4495,NA,6673,NA,NA,NA,NA,2385,3200,NA,NA,NA,NA,NA,4395,NA,2300,7000,NA,2745,NA,NA,NA,NA,NA,1595,NA,NA,NA,NA,NA,NA,NA,NA,NA,NA,3750,NA,3800,NA,3395,4498,NA,NA,NA,NA,NA,NA,NA,5900,4588,5370,4950,1500,NA,3000,NA,NA,NA,NA,NA,3998,3458,NA,1600,3273,2700,NA,3900,NA,NA,NA,NA,3100,NA,NA,NA,NA,NA,NA,2500,NA,2725,NA,2200,NA,NA,NA,1900,NA,NA,2098,NA,3500,NA,NA,NA,NA,9975,NA,1600,NA,NA,NA,NA,NA,NA,NA,4641,NA,NA,NA,NA,NA,7650,NA,4000,4950,NA,NA,NA,2000,NA,4295,NA,NA,NA,3750,2488,NA,NA,NA,NA
"25",2012-01-31,4900,5150,4000,2300,4875,NA,2550,NA,NA,5500,NA,NA,NA,NA,1675,NA,NA,NA,NA,3625,NA,NA,NA,NA,1750,NA,2650,4700,NA,NA,1600,NA,NA,3500,NA,2300,10000,2100,5895,NA,NA,NA,NA,2775,NA,4000,NA,NA,NA,NA,NA,NA,NA,1950,NA,NA,3000,4900,NA,1700,NA,NA,2300,NA,NA,3495,NA,NA,NA,4550,NA,6700,NA,NA,NA,NA,2350,3200,NA,NA,NA,NA,NA,4595,NA,2225,5973,NA,2672,NA,NA,NA,NA,NA,1588,NA,NA,NA,NA,NA,NA,NA,NA,NA,NA,4250,NA,3635,NA,3423,4500,NA,NA,NA,NA,NA,NA,NA,6798,4600,6300,4795,1550,NA,2995,NA,NA,NA,NA,NA,4000,3257,NA,1685,3495,2975,NA,3898,NA,NA,NA,NA,3000,NA,NA,NA,NA,NA,NA,2550,1875,2600,NA,2195,NA,NA,NA,2025,NA,NA,2100,NA,NA,NA,NA,NA,NA,8650,NA,1600,NA,NA,NA,NA,NA,NA,NA,NA,NA,NA,NA,NA,NA,8325,NA,4000,4875,NA,NA,NA,2000,1750,4250,NA,NA,NA,3586,2488,NA,NA,NA,NA
"26",2012-02-29,4995,5150,3995,2200,4750,NA,2450,NA,NA,5650,2050,NA,NA,NA,1700,NA,NA,NA,NA,3725,NA,NA,NA,NA,2138,NA,2600,5000,NA,NA,1699,NA,NA,2800,NA,2438,10250,2530,6395,NA,NA,NA,NA,2788,NA,3400,NA,2600,NA,NA,NA,NA,NA,2000,1900,NA,3071,4825,NA,1750,NA,NA,2366,NA,NA,3495,NA,NA,NA,4793,NA,7400,NA,NA,NA,NA,2395,2950,NA,NA,NA,NA,NA,3995,NA,2200,6500,NA,2275,NA,NA,NA,NA,NA,1588,NA,NA,NA,NA,NA,NA,NA,2355,NA,NA,3750,NA,3725,NA,3295,4500,NA,NA,NA,NA,NA,NA,NA,6395,4675,6575,4995,NA,NA,2950,NA,NA,NA,NA,NA,4300,3112,NA,1700,3413,3528,NA,3800,NA,NA,NA,NA,2900,NA,NA,NA,NA,NA,NA,2500,NA,2600,NA,2990,NA,NA,NA,2100,NA,2990,2190,NA,NA,NA,NA,NA,1600,8900,NA,1600,NA,NA,NA,NA,NA,NA,NA,NA,NA,NA,NA,NA,NA,8748,NA,3995,4750,NA,NA,NA,1850,NA,3973,NA,NA,NA,3462,2400,NA,NA,NA,NA
"27",2012-03-31,4950,5250,3900,2225,4570,NA,2225,NA,NA,5423,1900,NA,NA,NA,1850,NA,NA,NA,NA,3175,NA,NA,NA,NA,1898,NA,2650,4500,NA,NA,1700,NA,NA,3000,NA,2400,10000,2530,6325,2950,NA,NA,NA,3000,NA,3400,NA,NA,NA,NA,NA,NA,NA,2100,NA,NA,3094,5125,NA,1800,NA,NA,2275,NA,NA,3495,NA,NA,NA,4950,NA,7175,NA,NA,NA,NA,2295,2923,NA,NA,NA,NA,NA,3800,NA,2250,5590,2275,2195,NA,NA,NA,NA,NA,NA,NA,NA,NA,NA,NA,NA,NA,2355,NA,NA,3600,NA,3740,NA,3450,4495,NA,NA,NA,NA,NA,NA,NA,6150,4750,6280,5000,NA,NA,2613,NA,NA,NA,NA,NA,3873,3200,NA,1750,3500,3500,NA,3800,NA,NA,NA,NA,2900,NA,NA,NA,NA,NA,NA,2500,1750,2600,NA,2990,NA,NA,NA,NA,NA,2990,2100,NA,NA,NA,NA,NA,NA,8500,NA,1700,NA,NA,NA,NA,NA,NA,NA,4403,NA,NA,NA,NA,NA,7498,NA,3900,4570,NA,NA,NA,1900,NA,4225,NA,NA,NA,3600,2500,NA,NA,NA,NA
"28",2012-04-30,4800,5220,3865,2200,4800,NA,2250,NA,NA,5800,1825,NA,NA,NA,1850,NA,NA,NA,NA,3350,NA,NA,NA,NA,1800,NA,2700,4800,NA,NA,1675,NA,NA,3400,NA,2425,10875,2530,6000,3100,NA,NA,NA,3000,NA,2925,NA,NA,NA,NA,NA,NA,NA,1988,1938,NA,3071,5225,NA,1800,NA,NA,2150,NA,NA,3495,NA,NA,NA,5100,NA,6500,NA,NA,NA,NA,2298,3038,NA,NA,NA,NA,NA,3995,NA,2338,5800,2000,2050,NA,NA,NA,NA,NA,NA,NA,NA,NA,NA,NA,NA,NA,2358,NA,NA,3500,NA,3753,NA,3495,4400,NA,NA,NA,NA,NA,NA,NA,6250,4600,6240,5000,NA,NA,2688,NA,NA,NA,NA,NA,3995,3481,NA,1750,3359,3500,NA,3795,NA,NA,NA,NA,2750,NA,NA,NA,NA,NA,NA,2525,1700,2700,NA,2760,NA,NA,NA,NA,NA,2915,2138,NA,3550,NA,NA,NA,1638,8500,NA,1700,NA,NA,NA,NA,NA,NA,NA,4135,NA,NA,NA,NA,NA,8300,NA,3865,4800,NA,NA,NA,1850,NA,4295,NA,NA,NA,3700,2600,NA,NA,NA,NA
"29",2012-05-31,4598,5298,3750,2200,4800,NA,2500,NA,NA,5950,NA,NA,NA,NA,1800,NA,NA,NA,NA,3013,NA,NA,NA,NA,1775,NA,2700,5000,NA,NA,1750,NA,NA,3575,NA,2595,11000,1900,5977,2425,NA,NA,NA,2800,NA,3000,NA,NA,NA,NA,NA,NA,NA,1938,NA,NA,3229,4500,NA,1800,NA,NA,2200,NA,NA,3495,NA,NA,NA,4925,NA,6095,NA,NA,1665,NA,2125,3150,NA,NA,NA,NA,NA,3945,NA,2500,5273,2000,1950,NA,NA,NA,NA,NA,1900,NA,NA,NA,NA,NA,2850,NA,NA,NA,NA,3100,NA,3835,NA,3395,4300,NA,NA,NA,NA,NA,NA,NA,6500,4585,6500,5295,1500,NA,2798,NA,NA,NA,NA,NA,3895,3300,NA,1773,3400,3405,NA,3700,NA,NA,NA,NA,2800,NA,NA,NA,NA,NA,NA,2750,NA,2750,NA,2700,NA,NA,NA,NA,NA,NA,2050,NA,3450,NA,NA,NA,1600,6000,NA,1700,NA,NA,NA,NA,NA,NA,NA,NA,NA,NA,NA,NA,NA,9375,NA,3750,4800,NA,NA,NA,1900,NA,4195,NA,NA,NA,3600,NA,NA,NA,NA,NA
"30",2012-06-30,4750,5450,3775,2200,4595,NA,2500,NA,NA,6000,NA,NA,NA,NA,1713,NA,NA,NA,NA,2850,NA,NA,NA,NA,1750,NA,2750,4250,NA,NA,1750,NA,NA,3600,NA,2495,10750,2000,6000,2450,NA,NA,NA,2825,NA,3500,NA,2600,NA,NA,NA,NA,NA,2000,NA,NA,3227,4500,NA,1750,NA,NA,2198,NA,NA,3495,NA,NA,NA,4800,NA,6500,NA,NA,NA,NA,2273,2975,NA,NA,NA,NA,NA,4000,NA,2400,5875,1950,2350,NA,NA,NA,NA,NA,1885,NA,NA,NA,NA,NA,2850,NA,NA,NA,NA,2850,NA,3893,NA,3395,4380,NA,NA,NA,NA,NA,NA,NA,6850,4625,6500,5293,1850,NA,2800,NA,NA,NA,NA,NA,4200,3400,NA,1825,3337,3400,NA,3750,NA,NA,NA,NA,2875,NA,NA,NA,NA,NA,NA,2800,NA,2800,NA,2658,NA,NA,NA,NA,NA,2613,2180,NA,3300,NA,NA,NA,1688,4498,NA,1850,NA,NA,NA,NA,NA,NA,NA,NA,1850,1650,NA,NA,NA,9000,NA,3775,4595,NA,NA,NA,1850,1900,4450,NA,NA,NA,3550,NA,NA,NA,NA,NA
"31",2012-07-31,4595,5025,3850,2250,4600,NA,2500,NA,NA,6250,NA,NA,NA,NA,1738,NA,NA,NA,NA,2995,NA,NA,NA,NA,1750,NA,2700,3700,NA,NA,2000,NA,NA,3600,NA,2400,10250,2100,5995,2700,NA,NA,NA,2900,NA,3595,NA,2600,NA,NA,NA,NA,NA,1900,1850,NA,3323,4550,NA,1800,NA,NA,2285,NA,NA,3273,NA,NA,NA,4800,NA,6600,NA,NA,1658,NA,2495,2965,NA,NA,NA,NA,NA,3950,NA,2500,5500,1973,2200,NA,NA,NA,NA,NA,1898,NA,NA,NA,NA,NA,3000,NA,NA,NA,NA,2725,NA,3990,NA,2900,4295,NA,NA,NA,NA,NA,NA,NA,6500,4500,6500,4998,1995,NA,2798,NA,NA,NA,NA,NA,4200,3200,NA,1850,3357,3410,NA,3700,NA,NA,NA,NA,2800,NA,NA,NA,NA,NA,NA,2723,1800,2700,NA,2750,NA,NA,NA,NA,NA,2567,2175,NA,3500,NA,NA,NA,1900,4625,NA,1900,NA,NA,NA,NA,NA,NA,NA,NA,NA,NA,NA,NA,NA,9000,NA,3850,4600,NA,NA,NA,1850,1900,4525,NA,NA,NA,3300,2550,NA,NA,NA,NA
"32",2012-08-31,4750,5195,3695,2275,4750,NA,2500,NA,NA,6050,2325,NA,NA,NA,1773,NA,NA,NA,NA,NA,NA,NA,NA,NA,1750,NA,2700,4250,NA,NA,1750,NA,NA,4150,NA,2500,10250,2188,6120,3400,NA,NA,NA,3250,NA,3830,NA,2550,NA,NA,NA,NA,NA,1938,1775,NA,3202,4613,NA,1800,NA,NA,2323,NA,NA,3395,NA,NA,NA,4875,NA,6825,NA,NA,1665,NA,2325,3400,NA,NA,NA,NA,NA,3600,NA,2700,6000,2150,1998,NA,NA,NA,NA,NA,1850,NA,NA,NA,NA,NA,3046,NA,NA,NA,NA,2800,NA,4028,NA,3100,4325,NA,NA,NA,NA,NA,NA,NA,6600,4595,6300,5000,1875,NA,2595,NA,NA,NA,NA,NA,4198,3200,NA,1900,3500,3400,NA,3750,NA,NA,NA,NA,2800,NA,NA,NA,NA,NA,NA,2775,1698,2700,NA,2534,NA,NA,NA,NA,NA,2613,2100,NA,NA,NA,NA,NA,1825,7450,NA,1900,NA,NA,NA,NA,NA,NA,NA,4661,NA,NA,NA,NA,NA,8000,NA,3695,4750,NA,NA,NA,1850,NA,4350,NA,NA,NA,3500,2850,NA,NA,NA,NA
"33",2012-09-30,4860,5115,3950,2295,4900,NA,2425,NA,NA,5995,2100,NA,NA,NA,1800,NA,NA,NA,NA,3400,NA,NA,NA,NA,1750,NA,2900,4725,NA,NA,1775,NA,NA,3651,NA,2500,8825,2050,6200,NA,NA,NA,NA,3300,NA,3515,NA,NA,NA,NA,NA,NA,NA,1980,1850,NA,3202,4600,NA,1800,NA,NA,2366,NA,NA,3400,NA,NA,NA,4950,NA,6850,NA,NA,1688,NA,2450,3175,NA,NA,NA,NA,NA,3999,NA,2575,6000,2225,1995,NA,NA,NA,NA,NA,1850,NA,NA,NA,NA,NA,3046,NA,NA,NA,NA,4038,NA,4057,NA,3295,4495,NA,NA,NA,NA,NA,NA,NA,6500,4500,6395,5100,NA,NA,2973,NA,NA,NA,NA,NA,4095,3800,NA,2100,3500,3395,NA,3950,NA,NA,NA,NA,2950,NA,NA,NA,NA,NA,NA,2850,NA,2825,NA,2450,NA,NA,NA,NA,NA,NA,2125,NA,NA,NA,NA,NA,NA,7425,NA,1900,NA,NA,NA,NA,NA,NA,NA,4375,NA,NA,NA,NA,NA,7950,NA,3950,4900,NA,NA,NA,1900,NA,4000,NA,NA,NA,3950,NA,NA,NA,NA,NA
"34",2012-10-31,4850,5000,3950,2250,4900,NA,2395,NA,NA,5995,1990,NA,NA,NA,1800,NA,1500,NA,NA,3250,NA,NA,NA,NA,1700,NA,2900,4000,NA,NA,1750,NA,NA,3602,NA,2400,8900,2292,6062,NA,NA,NA,NA,3225,NA,3965,NA,NA,NA,2125,NA,NA,NA,1988,1850,NA,3300,4800,NA,1800,NA,NA,2350,NA,NA,3500,NA,NA,2300,4800,NA,6850,NA,NA,NA,NA,2450,2700,NA,NA,NA,NA,2495,4995,NA,2700,6000,2300,2200,NA,NA,NA,NA,NA,1650,NA,NA,NA,NA,NA,3046,NA,NA,NA,NA,3575,NA,4000,NA,3295,4450,NA,NA,NA,NA,NA,NA,NA,6000,4518,6348,4950,NA,NA,2800,NA,NA,NA,NA,NA,4045,3850,NA,2325,3400,2600,NA,3800,NA,NA,NA,NA,2900,NA,NA,NA,NA,NA,NA,2600,NA,2800,NA,2400,NA,NA,NA,NA,NA,2392,2100,NA,NA,NA,NA,NA,1700,8848,NA,1800,NA,NA,NA,NA,NA,NA,NA,4328,NA,NA,NA,NA,NA,8000,NA,3950,4900,NA,NA,NA,1950,NA,4000,NA,NA,NA,3900,2350,NA,NA,NA,NA
"35",2012-11-30,4950,4900,4095,2200,4925,NA,2100,NA,NA,5800,1950,NA,NA,NA,1800,NA,1600,NA,NA,3250,NA,NA,NA,NA,1650,NA,2895,4500,NA,NA,1750,NA,NA,3850,NA,2400,9500,2150,6705,2325,NA,NA,NA,3424,NA,4150,NA,NA,NA,NA,NA,NA,NA,2100,NA,NA,3386,4600,NA,1800,NA,NA,2358,NA,NA,3500,NA,NA,NA,4950,NA,6895,NA,NA,1850,NA,2395,3000,NA,NA,NA,NA,2448,4773,1525,2700,5995,2200,2300,NA,NA,NA,NA,NA,1623,NA,NA,NA,NA,NA,2954,NA,NA,NA,NA,4500,NA,3813,NA,3295,4475,NA,NA,NA,NA,NA,NA,NA,6500,4598,5500,4650,NA,NA,2713,NA,NA,NA,NA,NA,4248,3890,NA,2100,3450,2500,NA,3825,NA,NA,NA,NA,3000,NA,NA,NA,NA,NA,NA,2600,NA,2700,NA,2200,NA,NA,NA,NA,NA,2392,2300,NA,3550,NA,NA,NA,NA,9950,NA,1750,NA,NA,NA,NA,NA,NA,NA,4238,NA,1750,NA,NA,NA,8500,NA,4095,4925,NA,NA,NA,1925,1900,4000,NA,NA,NA,3900,2350,NA,NA,NA,NA
"36",2012-12-31,4800,4800,3950,2173,4950,NA,2100,NA,NA,6250,2350,NA,NA,NA,1975,NA,NA,NA,NA,3250,NA,NA,NA,2400,1700,NA,2995,5000,NA,NA,1750,NA,NA,4150,NA,2300,8900,2263,6000,2355,NA,NA,NA,3400,NA,3665,NA,NA,NA,NA,NA,NA,NA,1950,1775,NA,3463,4000,NA,1900,NA,NA,2500,NA,NA,3525,NA,NA,NA,4875,NA,6895,NA,NA,NA,NA,2395,3500,NA,NA,NA,NA,2900,4750,1659,2575,5623,2300,2200,NA,NA,NA,NA,NA,1650,NA,NA,NA,NA,NA,3000,NA,NA,NA,NA,4100,NA,4025,NA,3350,4300,NA,NA,NA,NA,NA,NA,NA,6250,4500,5500,4600,NA,NA,2968,NA,NA,NA,NA,NA,3848,3700,NA,1800,3500,2400,NA,3750,NA,NA,NA,NA,2900,NA,NA,NA,NA,NA,NA,2700,NA,2777,NA,2200,NA,NA,NA,NA,NA,2399,2200,NA,3500,NA,NA,NA,NA,9000,NA,1800,NA,NA,NA,NA,NA,NA,NA,4050,NA,NA,NA,NA,NA,8500,NA,3950,4950,NA,NA,NA,1990,1900,4075,NA,NA,NA,3900,2400,NA,NA,NA,NA
"37",2013-01-31,4695,4900,4148,2195,4950,NA,2100,NA,NA,6250,2000,NA,NA,NA,1998,NA,NA,NA,NA,NA,NA,NA,NA,NA,1600,NA,2750,3795,NA,NA,1950,NA,NA,3900,NA,2400,10350,2075,5600,2750,NA,NA,NA,2775,NA,3830,NA,NA,NA,NA,NA,NA,NA,2200,1800,NA,3451,5000,NA,2000,NA,NA,2475,1348,NA,3695,NA,NA,NA,4795,NA,6965,NA,NA,1598,NA,2395,3338,NA,NA,NA,NA,2900,4500,1495,2650,5095,2100,1925,NA,NA,NA,NA,NA,1650,NA,NA,NA,NA,NA,2250,NA,NA,NA,NA,4600,NA,3798,NA,3300,4300,NA,NA,NA,NA,NA,NA,NA,6398,4500,6250,4613,1663,NA,2991,NA,NA,NA,NA,NA,4295,3650,NA,1700,3400,2500,NA,3700,NA,NA,NA,NA,2900,NA,NA,NA,NA,NA,NA,2950,NA,2800,NA,2100,NA,NA,NA,NA,NA,2450,2150,NA,3425,NA,NA,NA,NA,8498,NA,1750,NA,NA,NA,NA,NA,NA,NA,4300,NA,NA,NA,NA,NA,8000,NA,4148,4950,NA,NA,NA,1895,1900,4200,NA,NA,NA,3750,2575,NA,NA,NA,NA
"38",2013-02-28,4773,5000,4058,2200,5000,NA,2000,NA,NA,6345,1900,NA,NA,NA,2000,NA,NA,1500,NA,3500,NA,NA,NA,2475,1550,NA,2700,4000,NA,1475,1995,NA,NA,3800,NA,2400,10000,2150,5313,2475,NA,NA,NA,2875,NA,4200,NA,NA,NA,NA,NA,NA,NA,2193,NA,NA,3600,5995,NA,1999,NA,NA,2495,1345,NA,3633,NA,NA,NA,4950,NA,6698,NA,NA,1650,NA,2325,3375,NA,NA,NA,NA,2950,4500,1498,2575,5500,2100,1997,NA,NA,NA,NA,NA,1700,NA,NA,NA,NA,NA,NA,NA,NA,NA,NA,4125,NA,4000,NA,3325,4400,NA,NA,NA,NA,NA,NA,NA,6500,4665,5995,4890,1675,NA,2991,NA,NA,NA,NA,NA,3600,3479,NA,1700,3400,2600,NA,3700,NA,NA,NA,NA,2800,NA,NA,NA,NA,NA,NA,2925,NA,2800,NA,2150,NA,NA,2100,2195,NA,2384,2150,NA,NA,NA,NA,NA,NA,5200,NA,1750,NA,NA,NA,NA,NA,NA,NA,4492,1963,1700,NA,NA,NA,7448,NA,4058,5000,NA,NA,NA,1900,1948,4250,NA,NA,NA,3897,2600,NA,NA,NA,NA
"39",2013-03-31,4900,4950,3795,2300,4950,NA,2000,NA,NA,6358,2095,NA,NA,NA,1950,NA,NA,NA,NA,2950,NA,NA,NA,1900,1500,NA,2600,4200,NA,1475,2000,NA,NA,3800,NA,2400,10000,2150,5695,2600,NA,NA,NA,2650,NA,4200,NA,NA,NA,NA,NA,NA,NA,2200,NA,NA,4095,6098,NA,1950,NA,NA,2500,1350,NA,3633,NA,NA,2200,4868,1548,6500,NA,NA,1850,NA,2235,3100,NA,NA,NA,NA,2900,3999,1525,2600,5850,2200,1995,NA,NA,NA,NA,NA,1850,NA,NA,NA,NA,NA,NA,NA,NA,NA,NA,4000,NA,3750,NA,3200,4373,NA,NA,NA,NA,NA,NA,NA,6495,4500,5995,4638,NA,NA,2950,NA,NA,NA,NA,NA,3423,3200,NA,1850,3500,2500,NA,3600,NA,NA,NA,NA,2700,NA,NA,NA,NA,NA,NA,2850,NA,2750,NA,2200,NA,NA,NA,NA,NA,2292,2108,NA,NA,NA,NA,NA,1759,5500,NA,1800,NA,NA,NA,NA,NA,NA,NA,NA,1975,1750,NA,NA,NA,7295,NA,3795,4950,NA,NA,NA,1850,2048,4100,NA,NA,NA,3481,NA,NA,NA,NA,NA
"40",2013-04-30,4600,4950,3738,2200,4695,NA,2200,NA,NA,6500,2095,NA,NA,NA,1975,NA,NA,NA,NA,3425,NA,NA,NA,1825,1650,NA,2650,4200,NA,NA,2200,NA,NA,3675,NA,2350,10000,2163,5845,2638,NA,NA,NA,2790,NA,3250,NA,3000,NA,2175,NA,NA,NA,2400,NA,NA,4100,6050,NA,2000,NA,NA,2500,NA,NA,3300,NA,NA,NA,4795,1450,6548,NA,NA,1795,NA,2323,3075,NA,NA,NA,NA,3000,3600,1688,2650,5500,2225,1897,NA,NA,NA,NA,NA,1875,1723,NA,NA,NA,NA,NA,NA,NA,NA,NA,4950,NA,4050,NA,3100,4200,NA,NA,NA,NA,NA,NA,NA,6500,4500,5500,4650,1700,NA,2950,NA,NA,NA,NA,NA,3648,3000,NA,1925,3450,2400,NA,3500,NA,NA,NA,NA,2850,NA,NA,NA,NA,NA,NA,3000,1900,2800,NA,2200,NA,NA,NA,NA,NA,2292,2200,NA,3935,NA,NA,NA,1600,5600,NA,1775,NA,NA,NA,NA,NA,NA,NA,NA,1963,1900,NA,NA,NA,7500,NA,3738,4695,NA,NA,NA,1850,1950,4498,NA,NA,NA,3100,NA,NA,NA,NA,NA
"41",2013-05-31,4500,4998,3600,2200,4695,NA,2300,NA,NA,6623,2000,NA,NA,NA,2000,NA,NA,NA,NA,3450,NA,NA,NA,1895,1700,NA,2700,4000,NA,NA,2100,NA,NA,3300,NA,2300,10425,2292,6000,3600,NA,NA,NA,2850,NA,3400,NA,NA,NA,2050,NA,NA,NA,2300,2250,NA,4050,5300,NA,2075,NA,NA,2495,NA,NA,3450,NA,NA,NA,4500,1600,6500,NA,NA,1798,NA,2450,3475,NA,NA,NA,NA,3750,3895,1750,2700,5500,2083,2000,NA,NA,NA,NA,NA,1899,NA,NA,NA,NA,2050,2375,NA,NA,NA,NA,3600,NA,3940,NA,3100,4118,NA,NA,NA,NA,NA,NA,NA,6000,4500,5995,4650,1750,NA,2850,NA,NA,NA,NA,NA,3800,3100,NA,1800,3600,2525,NA,3500,NA,NA,NA,NA,2850,NA,NA,NA,NA,NA,NA,2800,1850,2800,NA,2300,NA,NA,NA,NA,NA,2292,2248,NA,3895,NA,NA,NA,1600,5100,NA,1850,NA,NA,NA,NA,NA,NA,NA,NA,2000,1850,NA,NA,NA,8000,NA,3600,4695,NA,NA,NA,1847,1998,4495,NA,NA,NA,3400,NA,NA,NA,NA,NA
"42",2013-06-30,4500,4945,3500,2200,4500,NA,2300,NA,NA,6548,1998,NA,NA,NA,2000,NA,NA,NA,NA,3625,NA,NA,NA,2375,1750,NA,2800,4250,NA,NA,2100,NA,NA,3200,NA,2399,10175,2344,5797,2898,NA,NA,NA,3100,NA,4480,NA,NA,NA,NA,NA,NA,NA,2200,1950,NA,3858,5400,NA,2000,NA,NA,2500,NA,NA,3400,NA,NA,NA,4600,1708,7000,NA,NA,1850,NA,2500,3450,NA,NA,NA,NA,3300,3898,1775,2700,5750,2475,2050,NA,NA,NA,NA,NA,NA,NA,NA,NA,NA,2050,2250,NA,NA,NA,NA,3300,NA,3878,NA,3100,4000,NA,NA,NA,NA,NA,NA,NA,6195,4500,6000,4500,1700,NA,2798,NA,NA,NA,NA,NA,4348,3250,NA,1900,3700,2595,NA,3500,NA,NA,NA,NA,2950,NA,NA,NA,NA,NA,NA,2895,NA,2895,NA,2400,NA,NA,NA,NA,NA,NA,2100,NA,3873,NA,NA,NA,1750,5900,NA,1850,NA,NA,NA,NA,NA,NA,1325,NA,2050,1900,NA,NA,NA,8500,NA,3500,4500,NA,NA,NA,1850,1950,4795,NA,NA,NA,3400,2675,NA,NA,NA,NA
"43",2013-07-31,4400,4800,3350,2300,4495,NA,2350,NA,NA,6173,2000,NA,NA,NA,2100,NA,1363,NA,NA,3275,NA,NA,NA,2500,1750,NA,2700,4250,NA,NA,2100,NA,NA,3250,NA,2500,10750,2271,5500,2450,NA,NA,NA,2750,NA,4200,NA,2700,NA,2073,NA,NA,NA,2067,2000,NA,3800,5200,NA,2100,NA,NA,2575,1400,NA,3300,NA,NA,NA,4995,1708,6965,NA,NA,2150,NA,2450,3048,NA,NA,NA,NA,3200,4000,1750,2875,5498,2300,2100,NA,NA,NA,NA,NA,NA,NA,NA,NA,NA,2250,2550,NA,NA,NA,NA,3500,NA,3750,NA,3200,3950,NA,NA,NA,NA,NA,NA,NA,6000,4100,5975,4550,1775,NA,2800,NA,NA,NA,NA,NA,4150,3250,NA,1875,3575,2650,NA,3490,NA,NA,NA,NA,2800,NA,NA,NA,NA,NA,NA,2848,2150,2750,NA,2450,NA,NA,NA,NA,NA,NA,2200,NA,3750,NA,NA,NA,1600,4623,NA,1825,NA,NA,NA,NA,NA,NA,NA,NA,2100,1900,NA,NA,NA,8225,NA,3350,4495,NA,NA,NA,1800,1950,4500,NA,NA,NA,3400,2300,NA,NA,NA,NA
"44",2013-08-31,4500,4740,3500,2380,4438,NA,2200,NA,NA,5995,2000,NA,NA,NA,2100,NA,1325,NA,NA,4000,NA,NA,NA,2223,1800,NA,2799,4200,NA,NA,2100,NA,NA,3350,NA,2595,11550,2050,5300,NA,NA,NA,NA,2750,NA,4000,NA,3350,NA,NA,NA,NA,NA,2000,1975,NA,3800,5000,NA,2095,NA,1575,2475,1375,NA,3300,NA,NA,NA,4998,1823,6998,NA,NA,2000,NA,2450,3275,NA,NA,NA,NA,2800,4000,1738,2800,5448,2500,2175,NA,NA,NA,NA,NA,1800,NA,NA,NA,NA,NA,2200,NA,NA,NA,NA,3600,NA,3773,NA,3173,3995,NA,NA,NA,NA,NA,NA,NA,6200,4225,5773,4598,1750,NA,2800,NA,NA,NA,1775,NA,3998,3200,NA,1950,3500,2725,NA,3495,NA,NA,NA,NA,2900,NA,NA,NA,NA,NA,NA,2999,2200,2900,NA,2399,NA,NA,NA,NA,NA,1950,2200,1282,3755,NA,NA,NA,1950,4500,NA,1900,NA,NA,NA,NA,NA,NA,NA,NA,2000,1900,1282,NA,NA,7950,NA,3500,4438,NA,NA,NA,1850,1950,4595,NA,NA,NA,3400,2500,NA,NA,NA,NA
"45",2013-09-30,4595,5000,3695,2400,4650,NA,2250,NA,NA,6000,2000,NA,NA,NA,2025,NA,1250,NA,NA,4495,NA,NA,NA,2208,1750,NA,2795,4375,NA,NA,2185,NA,NA,3000,NA,2695,11250,2000,5500,NA,NA,NA,NA,2700,NA,3500,NA,2600,NA,NA,NA,NA,NA,2250,1975,NA,3695,5100,NA,2100,NA,NA,2400,NA,NA,3300,NA,NA,NA,4835,1823,7000,NA,NA,2000,NA,2450,3510,NA,NA,NA,NA,3100,3900,1745,2773,4900,2500,2350,NA,NA,NA,NA,NA,NA,NA,NA,NA,NA,2175,2208,NA,NA,NA,NA,3950,NA,3895,NA,3100,4263,NA,NA,NA,NA,NA,NA,NA,6000,4625,5550,4600,1750,NA,3000,NA,NA,NA,NA,NA,4150,3200,NA,1950,3497,2900,NA,3500,NA,NA,NA,NA,3000,NA,NA,NA,NA,NA,NA,2999,2200,2850,NA,2400,NA,NA,NA,NA,NA,1950,2250,1282,NA,NA,NA,NA,1912,4445,NA,1950,NA,NA,NA,NA,NA,NA,NA,NA,2100,1900,1282,NA,NA,7000,NA,3695,4650,NA,NA,NA,1990,2048,4495,NA,NA,NA,3500,2700,NA,NA,NA,NA
"46",2013-10-31,4695,5000,3550,2300,4805,NA,2200,NA,NA,5950,1900,NA,NA,NA,2000,NA,1250,NA,NA,3690,NA,NA,NA,2200,1500,NA,2700,4295,NA,NA,2200,NA,NA,3200,NA,2650,10425,2095,5595,3395,NA,NA,NA,2895,NA,4125,NA,2500,NA,NA,NA,NA,NA,2275,1950,NA,3560,4973,NA,2150,NA,NA,2300,1350,NA,3360,NA,NA,NA,4595,1850,7464,NA,NA,2000,NA,2350,3350,NA,NA,NA,NA,3650,4500,1550,2995,5655,2500,2200,NA,NA,NA,NA,NA,2075,NA,NA,NA,NA,2263,2200,NA,NA,NA,NA,3500,NA,3820,NA,3100,4300,NA,NA,NA,NA,NA,NA,NA,6200,4625,5750,4895,1638,NA,2700,NA,NA,NA,NA,NA,3100,3250,NA,1998,3400,3000,NA,3500,NA,NA,NA,NA,3000,NA,NA,NA,NA,NA,NA,2800,2000,2800,NA,2425,NA,NA,NA,2475,NA,1950,2000,1282,NA,NA,NA,NA,1888,6850,NA,1950,NA,NA,NA,NA,NA,NA,1325,4543,2100,1863,1282,NA,NA,6995,NA,3550,4805,NA,NA,NA,1850,2098,4498,NA,NA,NA,3400,2500,NA,NA,NA,NA
"47",2013-11-30,5000,5000,3850,2295,4700,NA,2200,NA,NA,6000,1900,NA,NA,NA,2000,NA,NA,NA,NA,3200,NA,NA,NA,2273,1500,NA,2600,4444,NA,NA,2050,NA,NA,3800,NA,2699,11725,2000,5495,2850,NA,NA,NA,2800,NA,4125,NA,2775,NA,2085,NA,NA,NA,2200,2000,NA,3595,4850,NA,2000,NA,1673,2200,1350,NA,3400,NA,NA,NA,4895,1925,7116,NA,NA,NA,NA,2350,3295,NA,NA,NA,NA,3200,4500,1550,2795,6250,2350,2300,NA,NA,NA,NA,NA,1950,1795,NA,NA,NA,2275,2100,NA,1500,NA,NA,NA,NA,3838,NA,3000,4400,NA,NA,NA,NA,NA,NA,NA,6250,4600,6500,4583,1695,NA,2825,NA,NA,NA,NA,NA,4395,3300,NA,1790,3400,3200,NA,3500,NA,NA,NA,NA,2900,NA,NA,NA,NA,NA,NA,2600,1950,2700,NA,2350,NA,NA,NA,2331,NA,1999,2006,1282,NA,NA,NA,NA,1700,8000,NA,1900,NA,NA,1600,NA,NA,NA,1325,4543,2150,1795,1282,NA,NA,7000,NA,3850,4700,NA,NA,NA,1850,2000,4325,NA,NA,NA,3500,2500,NA,NA,NA,NA
"48",2013-12-31,5000,4995,3695,2200,4715,NA,2150,NA,NA,6198,1900,NA,NA,NA,1995,NA,NA,NA,NA,3050,NA,NA,NA,2223,1525,NA,2660,4700,NA,NA,2075,NA,NA,3600,NA,2455,11995,2000,5623,2800,NA,NA,NA,2798,NA,3300,NA,2500,NA,NA,NA,NA,NA,2100,2000,NA,3684,4850,NA,2000,NA,1650,2199,1350,NA,3395,NA,NA,NA,4795,1750,6972,NA,NA,2025,NA,2425,3295,NA,NA,NA,NA,3000,4675,1550,2600,5675,2200,2075,NA,NA,NA,NA,NA,1950,1795,NA,NA,NA,2300,2200,NA,1499,NA,NA,4000,NA,3850,NA,3000,4400,NA,NA,NA,NA,NA,NA,NA,5995,4600,5835,4800,1650,NA,2695,NA,NA,NA,NA,NA,3775,3350,NA,2050,3254,2700,NA,3495,NA,NA,NA,NA,2900,NA,NA,NA,NA,NA,NA,2750,2050,2800,2000,2200,NA,NA,NA,2095,NA,1750,2006,1282,NA,NA,NA,NA,1700,8000,NA,1845,NA,NA,1895,NA,NA,NA,1375,4074,2075,1795,1282,NA,NA,7425,NA,3695,4715,NA,NA,NA,1900,2000,4400,NA,NA,NA,3845,2500,NA,NA,1795,NA
"49",2014-01-31,4995,4900,3600,2200,4608,NA,2200,NA,NA,6148,2000,NA,NA,NA,1975,NA,NA,NA,NA,3200,NA,NA,NA,2245,1550,NA,2600,4575,NA,NA,2073,NA,NA,2900,NA,2423,11450,2000,5500,2800,NA,NA,NA,2795,NA,3300,NA,2825,NA,NA,NA,NA,NA,2009,1950,NA,3700,4800,NA,2000,NA,1600,2200,1350,NA,3395,NA,NA,NA,4895,1750,6840,NA,NA,2050,NA,2395,3238,NA,NA,NA,NA,2999,4295,1693,2750,6000,2300,2088,NA,NA,NA,NA,NA,1950,1850,NA,NA,NA,2270,2050,NA,NA,NA,NA,3500,NA,3895,NA,3100,4300,NA,NA,NA,NA,NA,NA,NA,5800,4500,5370,4713,1650,NA,2986,NA,NA,NA,NA,NA,5000,3500,NA,2000,3301,2500,NA,3400,NA,NA,NA,NA,2850,NA,NA,NA,NA,NA,NA,2795,2250,2795,2300,2200,NA,NA,NA,2150,NA,1825,2200,1282,NA,NA,NA,NA,1700,8000,NA,1850,NA,NA,NA,NA,NA,NA,1350,NA,2150,1750,1282,NA,NA,7500,NA,3600,4608,NA,NA,NA,1895,2100,4500,NA,NA,NA,3850,2550,NA,NA,1750,NA
"50",2014-02-28,4800,4950,3898,2200,4600,NA,2100,NA,NA,6000,2000,NA,NA,NA,1951,NA,NA,NA,NA,3450,1700,NA,NA,1800,1800,NA,2599,4400,NA,NA,2100,NA,NA,2900,NA,2500,10500,2000,5713,2675,NA,NA,NA,2700,NA,3550,NA,2725,NA,NA,NA,NA,NA,1998,1850,NA,3750,4800,NA,1975,NA,1600,2300,1400,NA,3395,NA,NA,NA,4895,1800,6532,NA,NA,2400,NA,2325,3273,NA,NA,NA,NA,3200,4248,NA,2800,5850,2300,2000,NA,NA,NA,NA,NA,1900,2075,NA,NA,NA,2143,1963,NA,NA,NA,NA,4125,NA,3900,NA,3000,4330,NA,NA,NA,NA,1625,NA,NA,5950,4540,5830,4842,NA,NA,3068,NA,NA,NA,NA,NA,3995,3465,NA,1975,3400,2350,NA,3400,NA,NA,NA,NA,2900,NA,NA,NA,NA,NA,NA,2900,2175,2850,NA,2200,NA,NA,NA,2345,NA,1700,2200,1282,4028,NA,NA,NA,1850,7245,NA,1850,NA,NA,NA,NA,NA,NA,1475,4670,2150,1750,1282,NA,NA,7395,NA,3898,4600,NA,NA,NA,1859,2000,4598,NA,NA,NA,3740,2600,NA,NA,NA,NA
"51",2014-03-31,4790,4950,3600,2200,4500,NA,2100,NA,NA,6200,1950,NA,NA,NA,2000,NA,NA,NA,NA,3450,1825,NA,NA,2100,1899,NA,2600,4425,NA,NA,2100,NA,NA,3000,NA,2473,11998,2025,5998,2500,NA,NA,NA,2700,NA,3960,NA,2800,NA,NA,NA,NA,NA,2000,1850,NA,3885,4800,NA,2000,NA,1525,2400,1498,NA,3500,NA,NA,NA,4927,1743,6868,NA,NA,1950,NA,2350,3325,NA,NA,NA,NA,3300,3995,NA,2875,5998,2300,2145,NA,NA,NA,NA,NA,1850,2150,NA,NA,NA,1995,1900,NA,NA,NA,NA,4488,NA,3998,NA,3095,4370,NA,NA,NA,NA,1650,NA,NA,6146,4500,6400,5000,1800,NA,3225,NA,NA,NA,NA,NA,3895,3200,NA,1900,3450,2300,NA,3400,NA,NA,NA,NA,2873,NA,NA,NA,NA,NA,NA,2850,2100,2800,2250,2200,NA,NA,NA,2248,NA,1900,2200,NA,4450,NA,NA,NA,1800,7825,NA,1895,NA,NA,1700,NA,NA,NA,1800,4670,2150,1850,NA,NA,NA,7350,NA,3600,4500,NA,NA,NA,1875,2100,4500,NA,NA,NA,3445,2600,NA,NA,1948,NA
"52",2014-04-30,4750,4895,3600,2255,4800,NA,2200,NA,NA,6000,1863,NA,1850,NA,2000,NA,NA,NA,NA,3600,NA,NA,NA,2342,1850,NA,2650,4400,NA,NA,2185,NA,NA,3200,NA,2500,14000,2100,5900,2500,NA,NA,NA,2825,NA,3920,NA,2800,NA,NA,NA,NA,NA,2150,1875,NA,3700,4910,NA,2064,NA,1550,2366,1575,NA,3495,NA,NA,2350,4995,1600,7700,NA,NA,1950,NA,2495,3295,NA,NA,NA,NA,3000,3999,NA,2964,5678,2475,2150,NA,NA,NA,NA,NA,1875,2150,NA,NA,NA,2038,1900,NA,NA,NA,NA,3300,NA,4130,NA,3325,4300,NA,NA,NA,NA,NA,NA,NA,6146,4500,6100,4846,1800,NA,3250,NA,NA,NA,NA,NA,4000,3200,NA,1850,3454,2500,NA,3457,NA,NA,NA,NA,2995,NA,NA,NA,NA,NA,NA,2850,2100,2800,2225,2343,NA,NA,NA,2050,NA,1798,2200,1341,3695,NA,NA,NA,1800,6125,NA,1850,NA,NA,1850,NA,NA,NA,1605,4745,2300,1850,1341,NA,NA,7000,NA,3600,4800,NA,NA,NA,1850,2000,4600,NA,NA,NA,3400,2600,NA,NA,2000,NA
"53",2014-05-31,4595,4850,3520,2200,4995,NA,2200,NA,NA,6295,2000,NA,1850,NA,2000,NA,NA,NA,NA,3521,1700,NA,NA,2342,1875,NA,2650,4300,NA,NA,2199,NA,NA,3650,NA,2400,14250,2100,5878,2950,NA,NA,NA,2800,NA,3500,NA,2850,NA,NA,1900,NA,NA,2300,1900,NA,4003,4910,NA,2100,NA,1650,2366,1550,NA,3400,NA,NA,2525,5000,1613,7700,NA,NA,1950,NA,2500,2900,NA,NA,NA,NA,2950,3970,NA,2998,4900,2325,2150,NA,NA,NA,NA,NA,1885,2150,NA,NA,NA,1908,2000,NA,NA,NA,NA,3200,NA,3995,NA,3200,4215,NA,NA,NA,NA,NA,NA,NA,5695,4400,6548,4900,1900,NA,3250,NA,NA,NA,NA,NA,3873,3250,NA,1950,3400,2500,NA,3395,NA,NA,NA,NA,2850,NA,NA,NA,NA,NA,NA,2925,2075,2800,2225,2300,NA,NA,3000,2100,NA,1975,2200,1400,3950,NA,NA,NA,1825,7000,NA,1920,NA,NA,1700,NA,NA,NA,1500,4630,2300,1900,1400,NA,NA,7300,NA,3520,4995,NA,NA,NA,1850,1863,4498,NA,NA,NA,3399,2700,NA,NA,NA,NA
"54",2014-06-30,4500,5000,3550,2200,4700,NA,2200,NA,NA,6625,2198,NA,NA,NA,2100,NA,NA,1575,NA,3200,NA,NA,NA,2350,1910,NA,2699,4295,NA,NA,2185,NA,NA,3200,NA,2350,14000,2100,6400,3575,NA,NA,NA,2800,NA,3920,NA,2800,NA,NA,NA,NA,NA,2300,1950,NA,4055,5000,NA,2195,NA,1650,2300,1600,NA,3400,NA,NA,1950,5314,1798,7633,NA,NA,1975,NA,2495,2900,NA,NA,NA,NA,3325,3995,1800,3000,4895,2200,2050,NA,NA,NA,NA,NA,2000,2175,NA,NA,NA,2000,2050,NA,NA,NA,NA,3838,NA,4013,NA,3200,4100,NA,NA,NA,NA,NA,NA,NA,5995,4600,6500,4883,1895,NA,2993,NA,NA,NA,NA,NA,4095,3300,NA,1950,3450,2600,NA,3300,NA,NA,NA,NA,2850,NA,NA,NA,NA,NA,NA,2950,2250,2800,2100,2300,NA,NA,3000,2100,NA,1925,2200,1465,4075,NA,NA,NA,1750,4750,NA,1900,NA,NA,NA,NA,NA,NA,1500,4515,2350,2013,1465,NA,NA,7275,NA,3550,4700,NA,NA,NA,1900,2095,4350,NA,NA,NA,3500,2700,NA,NA,1950,NA
"55",2014-07-31,4300,5000,3500,2200,4295,NA,2300,NA,NA,6295,2095,NA,2138,NA,2200,NA,NA,1600,NA,3400,NA,NA,NA,2375,1800,NA,2650,4200,NA,NA,2200,NA,NA,3100,NA,2400,12750,2150,6000,3400,NA,NA,NA,2875,NA,3500,NA,3075,1595,NA,NA,NA,NA,2300,1900,NA,3945,5190,NA,2200,NA,1750,2295,1514,NA,3495,NA,NA,2075,5000,1888,7438,NA,NA,2123,NA,2565,3000,NA,NA,NA,NA,3300,3950,1750,2800,4700,2200,2050,NA,NA,NA,NA,NA,2050,2050,NA,NA,NA,2148,2050,NA,NA,NA,NA,3800,NA,3903,NA,3000,3850,NA,NA,NA,NA,NA,NA,NA,5983,4500,6498,4710,1800,NA,3050,NA,NA,NA,NA,NA,3848,3200,NA,2025,3400,2500,NA,3200,NA,NA,NA,NA,2850,NA,NA,NA,NA,NA,NA,3200,2100,2800,2100,2300,NA,NA,3000,2125,NA,2000,2175,NA,4100,NA,NA,NA,1750,4000,NA,1950,NA,NA,NA,NA,NA,NA,1500,3874,2300,1950,NA,NA,NA,7800,NA,3500,4295,NA,NA,NA,1950,2100,4250,NA,NA,NA,3300,2540,NA,NA,NA,NA
"56",2014-08-31,4295,4950,3295,2300,4350,NA,2300,NA,NA,6295,2048,NA,NA,1750,2200,NA,NA,1695,NA,3500,1799,NA,NA,2350,1725,NA,2675,4500,NA,NA,2238,NA,NA,3000,NA,2500,12950,2200,6000,3000,NA,NA,NA,2950,NA,3350,NA,2900,1550,NA,NA,NA,NA,2200,2200,NA,4120,5263,NA,2200,NA,1538,2250,1532,NA,3495,NA,NA,2150,5115,1800,7245,NA,NA,2175,NA,2495,2999,NA,NA,NA,NA,2795,3997,1731,2773,5350,2100,2175,NA,NA,NA,NA,NA,1948,1995,NA,NA,NA,2000,2250,NA,NA,NA,NA,3785,NA,3823,NA,3100,3795,NA,NA,NA,NA,NA,NA,NA,5800,4595,6700,4500,1800,NA,3150,NA,NA,NA,NA,NA,3695,3195,NA,2025,3400,2450,NA,3150,NA,NA,NA,NA,2850,NA,NA,NA,NA,NA,NA,2950,2150,2800,2100,2350,NA,NA,3000,2125,NA,2195,2108,NA,4200,NA,NA,NA,1813,4225,NA,1900,NA,NA,NA,NA,NA,NA,1695,3887,2225,1875,NA,NA,NA,7595,NA,3295,4350,NA,NA,NA,2100,2100,4200,NA,NA,NA,3230,2578,NA,NA,NA,NA
"57",2014-09-30,4485,5000,3250,2300,4500,NA,2300,NA,NA,6450,2095,NA,2100,1569,2200,NA,NA,1699,NA,3400,1750,NA,1795,2400,1695,NA,2600,4298,NA,NA,2200,NA,NA,3500,NA,2500,12950,2185,5950,3500,NA,NA,NA,2825,NA,3500,NA,NA,1695,2325,NA,NA,NA,2200,2300,NA,3925,5000,NA,2200,NA,1400,2295,1600,NA,3498,NA,NA,2165,5250,1800,6955,NA,NA,2000,NA,2500,2999,NA,NA,NA,NA,2600,3999,1650,2750,5655,2200,2173,NA,NA,NA,NA,NA,2000,1850,NA,NA,NA,1995,2063,NA,NA,NA,NA,3300,NA,3913,NA,3150,3900,NA,NA,NA,NA,NA,NA,NA,5700,4800,6695,4700,1775,NA,3000,NA,NA,NA,1800,NA,3679,3100,NA,2000,3400,2450,NA,3100,NA,NA,NA,NA,2925,NA,NA,NA,NA,NA,NA,3000,2125,2850,2050,2300,NA,NA,2800,2100,NA,1800,2108,NA,3695,NA,NA,NA,1825,4850,NA,1900,NA,NA,1900,NA,NA,NA,1650,4014,2300,1900,NA,NA,NA,7765,1550,3250,4500,NA,NA,NA,2100,2350,4295,NA,NA,NA,3200,2675,NA,NA,NA,NA
"58",2014-10-31,4495,5000,3495,2295,4450,NA,2300,NA,NA,6373,2100,NA,2050,NA,2100,NA,1350,1695,NA,3250,1750,NA,1900,2350,1600,NA,2600,4075,NA,NA,2200,NA,NA,3600,NA,2600,12750,2100,5713,3500,NA,NA,NA,2707,NA,3600,NA,NA,1595,2100,NA,NA,NA,2100,2300,NA,4258,5300,2200,2100,NA,1400,2250,1600,NA,3500,NA,NA,NA,5084,1800,6995,NA,NA,2118,NA,2500,3000,NA,NA,NA,NA,3800,3995,NA,2700,5750,2350,2195,NA,NA,NA,NA,NA,2000,1925,NA,NA,NA,2350,2025,NA,NA,NA,NA,3300,NA,3908,NA,3000,3895,NA,NA,NA,NA,NA,NA,NA,5800,4700,6695,4605,1800,NA,2825,NA,1700,NA,NA,NA,3495,3000,NA,2000,3499,2400,NA,3050,NA,NA,NA,NA,3100,1535,NA,NA,NA,NA,NA,2795,2125,2850,2245,2295,NA,NA,2700,2195,NA,1825,2125,NA,3695,NA,NA,NA,1800,6975,NA,1900,NA,NA,1850,NA,NA,NA,1700,3832,2300,1950,NA,NA,NA,8500,1550,3495,4450,NA,NA,NA,2000,2250,4300,NA,NA,NA,3200,2500,NA,NA,2100,NA
"59",2014-11-30,4400,5095,3700,2242,4450,NA,2250,NA,NA,5300,2100,NA,NA,1700,2150,NA,NA,1650,NA,3200,1675,NA,NA,2273,1695,NA,2599,4000,NA,NA,2200,NA,NA,3500,NA,2500,12500,2200,6020,3550,NA,NA,NA,2650,NA,3225,NA,2900,1673,NA,NA,NA,NA,2100,1985,NA,4200,5300,2200,2150,NA,1400,2200,NA,NA,3400,NA,NA,NA,4995,1800,6955,NA,NA,2100,NA,2565,3000,NA,NA,NA,1787,3700,3795,NA,2700,5400,2384,2120,NA,NA,NA,NA,NA,2000,2100,NA,NA,NA,2050,2250,NA,NA,NA,NA,3199,NA,3997,NA,3100,3900,NA,NA,NA,NA,NA,NA,NA,5700,4600,6975,4700,2042,NA,2935,NA,1700,NA,NA,NA,4950,3100,NA,2100,3495,2400,NA,3000,NA,NA,NA,NA,2995,1535,NA,NA,NA,NA,NA,2950,2000,2800,2400,2295,NA,NA,2875,2232,NA,1925,2100,NA,3745,NA,NA,NA,1700,8000,NA,1900,NA,NA,1895,NA,NA,NA,1725,3699,2195,1995,NA,NA,NA,8598,NA,3700,4450,NA,NA,NA,2000,2108,4250,NA,NA,NA,3200,2590,NA,NA,2050,NA
"60",2014-12-31,4450,5015,3950,2250,4350,NA,2200,NA,NA,5995,2100,NA,NA,1700,2197,NA,NA,1750,NA,3200,1700,NA,NA,1775,1650,NA,2550,3950,NA,NA,2100,NA,NA,3250,1750,2500,12500,2200,6200,3550,NA,NA,NA,2760,NA,3450,NA,3150,NA,2100,NA,NA,NA,2100,1910,NA,4058,5500,2025,2100,NA,1400,2250,1550,NA,3500,NA,NA,NA,5050,1800,6940,NA,NA,2100,1375,2565,2850,NA,NA,NA,1700,3500,3950,1800,2600,5125,2350,2110,NA,NA,NA,NA,NA,1900,2250,NA,NA,NA,1900,2300,1950,NA,NA,NA,3199,NA,4010,NA,3200,3995,NA,NA,NA,NA,NA,NA,NA,5800,4599,6695,4700,1920,NA,2998,NA,NA,NA,1700,NA,4500,3195,NA,2000,3300,2380,NA,3000,NA,NA,NA,NA,2925,1535,NA,NA,NA,NA,NA,2950,1900,2800,2398,2250,NA,NA,2850,2100,NA,1975,2100,NA,3745,NA,NA,NA,1700,5600,NA,1895,NA,NA,1800,NA,NA,NA,1448,3799,2173,2000,NA,NA,NA,8195,NA,3950,4350,NA,NA,NA,2000,2200,4100,NA,NA,NA,3300,2900,NA,NA,2100,NA
"61",2015-01-31,4500,5000,4100,2250,4590,NA,2373,NA,NA,6000,2100,NA,1925,1700,2100,NA,NA,1750,NA,3200,1650,NA,1875,1873,1665,NA,2550,4100,NA,NA,2150,NA,NA,3250,NA,2595,12500,2100,6350,2898,NA,NA,NA,2700,NA,3400,NA,3150,NA,2025,NA,NA,NA,2100,1975,NA,4023,5500,2200,2100,NA,1400,2250,1600,NA,3500,NA,NA,NA,5450,1800,6995,NA,NA,2050,NA,2450,3200,NA,NA,NA,NA,2995,4295,1700,2600,5678,2300,2100,NA,NA,NA,NA,NA,1975,2100,NA,NA,NA,1875,2300,1775,1630,NA,NA,3000,NA,4000,NA,3100,3995,NA,NA,NA,NA,NA,NA,NA,5800,4500,6595,4750,1890,NA,2986,NA,NA,NA,1600,NA,4548,3200,NA,1925,3300,2400,NA,3000,NA,NA,NA,NA,3000,NA,NA,NA,NA,NA,NA,2975,1900,2850,2175,2250,NA,NA,2800,2050,NA,1970,2100,NA,3695,NA,NA,NA,1725,7250,NA,1890,NA,NA,1750,NA,NA,NA,1500,3994,2300,2000,NA,NA,NA,7500,NA,4100,4590,NA,NA,NA,2000,2200,4200,NA,NA,NA,3495,2900,NA,NA,2100,NA
"62",2015-02-28,4738,5000,4000,2250,4575,NA,2400,NA,NA,6500,2100,NA,1925,1700,2150,NA,NA,1750,NA,3270,1725,NA,NA,2073,1600,NA,2599,3800,NA,NA,2200,NA,NA,2948,NA,2600,11225,2150,6330,3550,NA,NA,NA,2750,NA,3400,NA,2800,NA,2025,NA,NA,NA,2100,1920,NA,4250,5500,2200,2100,NA,1450,2300,1573,NA,3500,NA,NA,2000,5500,1800,7200,NA,NA,2050,NA,2399,3300,NA,NA,NA,NA,3073,4425,1650,2625,5258,2248,2200,NA,NA,NA,NA,NA,2000,2100,NA,NA,NA,1900,2300,1950,1665,NA,NA,2973,NA,4000,NA,3175,4000,NA,NA,NA,NA,NA,NA,NA,5800,4500,6758,4700,1870,NA,2998,NA,NA,NA,1600,NA,4360,3200,NA,1950,3300,2500,NA,3000,NA,NA,NA,NA,3150,1493,NA,NA,NA,NA,NA,2800,1949,2800,2100,2300,NA,NA,2300,2150,NA,1970,2200,NA,3560,NA,NA,NA,1938,7995,NA,1900,NA,NA,1675,NA,NA,NA,1500,NA,2350,2000,NA,NA,NA,8500,NA,4000,4575,NA,NA,NA,1995,2100,4400,NA,NA,NA,3500,2748,NA,NA,2356,NA
"63",2015-03-31,4750,5100,4000,2250,4525,NA,2365,NA,NA,6598,2050,NA,1900,1700,2200,NA,NA,1700,NA,3350,1800,NA,1900,2350,1700,NA,2550,4000,NA,NA,2200,NA,NA,3250,NA,2500,11225,2100,6500,3600,NA,NA,NA,2750,NA,3495,NA,3125,NA,2195,NA,NA,NA,2198,1900,NA,4355,5499,2000,2200,NA,1550,2300,1575,NA,3500,NA,NA,1975,5457,1850,7488,NA,NA,1973,NA,2350,3244,NA,NA,NA,1748,2900,3995,1663,2650,4995,2278,2200,NA,NA,NA,NA,NA,1975,2050,NA,NA,NA,1906,2300,1950,1654,NA,NA,3600,NA,3869,NA,3195,4095,NA,NA,NA,NA,NA,NA,1800,5798,4725,6850,4833,1885,NA,2998,NA,1850,NA,1700,NA,4545,3100,NA,2000,3350,2400,NA,3000,NA,NA,NA,NA,3183,NA,NA,NA,NA,NA,NA,2798,1950,2891,2000,2250,NA,NA,2600,2200,NA,1900,2200,NA,3495,NA,NA,NA,1895,8425,NA,1900,NA,NA,1700,NA,NA,NA,1500,4676,2100,2000,NA,NA,NA,8500,1550,4000,4525,NA,NA,NA,2000,2098,4500,NA,NA,NA,3400,2723,NA,NA,2200,NA
"64",2015-04-30,4600,5080,3850,2250,4523,NA,2400,NA,NA,6698,2100,NA,NA,NA,2200,NA,NA,1700,NA,3200,1950,NA,1850,2400,1700,NA,2500,4425,NA,1650,2250,NA,NA,3200,NA,2400,10500,2150,6450,3600,NA,NA,NA,2800,NA,3525,NA,3000,NA,2066,NA,NA,NA,2250,1950,NA,4395,5430,2000,2200,NA,1595,2400,1600,NA,3500,NA,NA,2375,5750,1900,7500,NA,NA,2150,NA,2473,3350,NA,NA,NA,1600,3158,4195,1750,2750,5350,2290,2200,NA,NA,NA,NA,NA,1950,2100,NA,NA,NA,2100,2150,1950,1675,NA,NA,3300,NA,4025,NA,3198,4140,NA,NA,NA,NA,NA,NA,NA,6198,4800,6595,4798,1843,NA,2999,NA,2100,NA,1750,NA,4495,3150,NA,2095,3400,2400,NA,3000,NA,NA,NA,NA,3000,NA,NA,NA,NA,NA,NA,2977,1950,2900,2000,2300,NA,NA,2600,2300,NA,1800,2175,NA,NA,NA,NA,NA,1895,8100,NA,2000,NA,NA,1938,NA,NA,NA,1500,4385,2250,2000,NA,NA,1912,7800,1599,3850,4523,NA,NA,NA,2008,2100,4500,NA,NA,NA,3395,2863,1975,NA,1950,NA
"65",2015-05-31,4650,5200,3695,2300,4500,NA,2300,NA,NA,6500,2100,NA,NA,NA,2239,NA,NA,1700,NA,3150,1750,NA,1848,2450,1600,NA,2500,4360,NA,1625,2375,NA,NA,3200,NA,2400,11500,2200,6300,3275,NA,NA,NA,2768,NA,3600,NA,3000,1600,2000,NA,NA,NA,2200,2000,NA,4510,5123,1925,2250,NA,1795,2450,1600,NA,3500,NA,NA,2238,5695,1900,7970,NA,NA,2100,NA,2395,3150,NA,NA,NA,1850,3325,3995,1795,2600,5495,2325,2295,NA,NA,NA,NA,NA,2098,2175,NA,NA,NA,2148,2125,1950,NA,NA,NA,3295,NA,4025,NA,3325,4187,NA,NA,NA,NA,NA,NA,NA,6450,4773,6650,4675,2195,NA,3000,NA,NA,NA,1750,NA,4250,3000,NA,2000,3250,2400,1550,3000,NA,NA,NA,NA,3100,NA,NA,NA,NA,NA,NA,3000,2000,2900,2100,2300,NA,NA,2300,2275,NA,1900,2200,1733,4098,NA,NA,NA,1895,7500,NA,2000,NA,NA,1975,NA,NA,NA,1500,4437,2350,2000,1733,NA,NA,8145,1595,3695,4500,NA,NA,NA,2095,2195,4875,NA,NA,NA,3200,2875,1975,NA,2200,NA
"66",2015-06-30,4495,5100,3600,2371,4375,NA,2300,NA,NA,6495,2075,NA,NA,NA,2297,NA,NA,1695,NA,3150,1900,NA,1913,2450,1649,NA,2550,4295,NA,1650,2400,NA,NA,3350,NA,2500,12900,2195,6100,2825,NA,NA,NA,2800,NA,3600,NA,2850,1648,2066,NA,NA,NA,2230,2000,NA,4535,5378,2100,2300,NA,1795,2450,1575,NA,3490,NA,NA,2100,5350,1900,7670,NA,NA,2000,NA,2500,3000,NA,NA,NA,NA,3200,3900,1760,2600,5775,2350,2375,NA,NA,NA,NA,NA,2100,2100,NA,NA,NA,2188,2350,1950,NA,NA,NA,3298,NA,4105,NA,3250,3995,NA,NA,NA,NA,1900,NA,NA,6400,4500,6548,4950,2150,NA,3450,NA,2224,NA,NA,NA,4223,3100,NA,1998,3300,2400,1550,3000,NA,NA,NA,NA,3000,NA,NA,NA,NA,NA,NA,3000,2000,2900,2100,2300,NA,NA,2400,2298,NA,1900,2300,1708,4225,NA,NA,NA,1950,5400,NA,2000,NA,NA,1700,NA,NA,NA,1575,4353,2250,2000,1708,NA,NA,7800,1550,3600,4375,NA,NA,NA,2100,2100,4900,NA,NA,NA,3300,3000,NA,NA,2150,NA
"67",2015-07-31,4351,5115,3595,2400,4300,NA,2300,NA,NA,6750,2225,NA,NA,1527,2300,NA,NA,1700,NA,3400,1925,NA,2150,2425,1695,NA,2600,4225,NA,1748,2300,NA,NA,3400,NA,2500,12250,2150,6198,2775,NA,NA,NA,2800,NA,3600,NA,2875,1648,2100,NA,NA,NA,2300,2100,NA,4300,5500,1895,2300,NA,1850,2450,1688,NA,3400,NA,NA,2095,5100,1950,7675,NA,NA,2000,1500,2450,3148,NA,NA,NA,1825,3200,3800,1775,2800,4791,2300,2383,NA,NA,NA,NA,NA,2100,2100,NA,NA,NA,2350,2325,1950,1658,NA,NA,3395,NA,4150,NA,3200,3950,NA,NA,NA,NA,1950,NA,NA,6050,4495,6775,4950,2150,NA,3273,NA,2150,NA,1700,NA,4000,3200,NA,2000,3400,2448,1550,3062,NA,NA,NA,NA,3000,NA,NA,NA,NA,NA,NA,2900,2000,2900,2100,2300,NA,NA,2300,2200,NA,2000,2450,1670,4385,NA,NA,NA,2095,4750,NA,2095,NA,NA,1700,NA,NA,NA,1650,4429,2295,2000,1670,NA,1762,7695,1595,3595,4300,NA,NA,NA,2250,2200,4500,NA,NA,NA,3395,3131,NA,NA,2100,NA
"68",2015-08-31,4495,5080,3650,2400,4463,NA,2386,NA,NA,6900,2200,NA,NA,1575,2350,NA,NA,1700,NA,3600,1900,NA,1975,2450,1695,NA,2600,4710,NA,1700,2375,NA,NA,3575,NA,2500,12250,2150,6450,2850,NA,NA,NA,2863,NA,3600,NA,2800,1650,2000,NA,NA,NA,2300,2200,NA,4437,5495,1950,2300,NA,1898,2400,1625,NA,3450,NA,NA,2150,5195,1900,7775,NA,NA,2100,1525,2495,3000,NA,NA,NA,1800,3400,3880,1795,2850,5995,2300,2393,NA,NA,NA,NA,NA,2095,1950,NA,NA,NA,2385,2395,1950,1658,NA,NA,3500,NA,4000,NA,3298,4000,NA,2200,NA,NA,NA,NA,NA,5971,4500,6735,4970,2000,NA,3000,NA,2000,NA,1700,NA,3995,3200,NA,2000,3400,2500,1575,3000,NA,NA,NA,NA,2950,NA,NA,NA,NA,NA,NA,3013,2150,2850,2250,2348,NA,NA,2000,2200,NA,2000,2600,1700,4395,NA,NA,NA,1975,7875,NA,2000,NA,NA,1700,NA,NA,NA,1700,4339,2400,1900,1700,NA,1762,8225,NA,3650,4463,NA,NA,NA,2250,2300,4350,NA,NA,NA,3250,2800,NA,NA,2100,NA
"69",2015-09-30,4810,5066,3895,2400,4785,NA,2400,NA,NA,6850,2200,NA,NA,1628,2300,NA,1800,1700,NA,3600,1925,NA,1975,2500,1700,NA,2600,4595,NA,1700,2342,NA,NA,3538,NA,2500,11500,2150,6300,2700,NA,NA,NA,2850,NA,3600,NA,2950,1667,2321,2200,NA,NA,2300,2175,NA,4180,5500,1975,2300,NA,2000,2400,1675,1675,3425,NA,NA,2073,5285,1900,7500,NA,NA,2125,1463,2400,3000,NA,NA,NA,1800,3250,4295,1800,2850,5725,2350,2450,NA,NA,NA,NA,NA,2100,1900,NA,NA,NA,2400,2600,1950,1665,NA,NA,3800,NA,4000,NA,3300,4250,NA,NA,NA,NA,NA,NA,NA,5923,4695,6810,4854,1898,NA,3000,NA,NA,NA,1750,NA,3900,3150,NA,2100,3450,2500,1600,3050,NA,NA,NA,NA,3000,NA,NA,NA,NA,NA,NA,3000,2200,2850,2225,2300,NA,NA,2200,2375,NA,2000,2300,1708,4375,NA,NA,NA,2000,9000,NA,2075,NA,NA,1775,NA,NA,NA,1650,4430,2365,1850,1708,NA,NA,8200,NA,3895,4785,NA,NA,NA,2200,2300,4600,NA,NA,NA,3300,2800,NA,NA,2000,NA
"70",2015-10-31,4950,5029,3795,2400,4892,NA,2350,NA,2000,6675,2200,NA,NA,NA,2250,NA,1738,1700,NA,3263,1875,NA,2150,2400,1700,NA,2500,4176,NA,1648,2295,NA,1750,3350,NA,2500,11500,2150,6379,2700,NA,NA,NA,2800,NA,3700,NA,2950,1600,2475,2200,NA,NA,2300,2100,NA,4154,5500,1850,2260,NA,1895,2455,1685,NA,3483,NA,NA,2175,5100,1900,7575,NA,NA,2050,1450,2500,3000,NA,NA,NA,1825,3225,3999,1800,2850,5995,2350,2395,NA,NA,NA,NA,NA,2100,2000,NA,NA,NA,2400,2600,1975,NA,NA,NA,3600,NA,3800,NA,3254,4250,NA,NA,NA,NA,1725,NA,NA,5684,4600,6498,4895,1850,NA,3250,NA,NA,NA,2000,NA,3675,3200,NA,2100,3400,2450,1575,2995,NA,NA,NA,NA,2995,NA,NA,NA,NA,NA,NA,2850,2198,2800,2150,2300,NA,NA,2500,2273,NA,1950,2300,NA,3836,NA,NA,NA,1999,9000,NA,2000,NA,NA,1800,NA,NA,NA,1675,4479,2400,1900,NA,NA,NA,7573,NA,3795,4892,NA,NA,NA,2197,2475,4748,NA,NA,NA,3400,2800,NA,NA,2000,NA
"71",2015-11-30,5000,5000,3550,2400,4998,NA,2300,NA,NA,6500,2063,NA,NA,NA,2291,NA,1660,1763,NA,3000,1795,NA,2145,2400,1800,NA,2500,4273,NA,1600,2299,NA,NA,3400,NA,2500,10500,2175,6298,2750,NA,NA,NA,2750,NA,3450,NA,2950,1675,2325,2110,NA,NA,2200,2050,NA,4029,5630,1850,2250,NA,1800,2450,1675,NA,3400,NA,NA,2399,5090,1900,7500,NA,NA,2090,1600,2599,3000,NA,NA,NA,1800,3250,4345,1900,2800,5973,2300,2400,NA,NA,NA,NA,NA,2100,2195,NA,NA,NA,2395,2550,1950,1750,NA,NA,3600,NA,3750,NA,3195,4150,NA,NA,NA,NA,1775,NA,NA,5995,4700,6453,4500,1898,NA,3000,NA,NA,NA,2100,NA,3800,3200,NA,2100,3400,2445,1588,2950,NA,NA,NA,NA,3000,NA,NA,NA,NA,NA,NA,3000,2150,2850,2150,2300,NA,NA,2350,2225,NA,1999,2300,NA,4021,NA,NA,NA,2000,9000,NA,2000,NA,NA,1900,NA,NA,NA,1750,4452,2450,1998,NA,NA,NA,7565,NA,3550,4998,NA,NA,NA,2100,2350,5475,NA,NA,NA,3400,2850,NA,NA,2000,NA
"72",2015-12-31,5000,5095,3835,2350,5000,NA,2300,NA,NA,6650,2050,NA,NA,NA,2250,NA,NA,1698,NA,3000,1825,NA,2145,2400,1813,NA,2500,4323,NA,1625,2200,NA,NA,3348,NA,2544,10500,2175,6363,3275,NA,NA,NA,2800,NA,3600,NA,3000,1675,2375,2095,NA,NA,2200,2195,NA,4019,5392,1825,2200,NA,1800,2400,1650,NA,3338,NA,NA,2073,5400,1900,7500,NA,NA,2095,1650,2500,3200,NA,NA,NA,1875,3200,4525,1800,2700,5655,2225,2425,NA,NA,NA,NA,NA,2000,2100,NA,NA,NA,2200,2550,1950,1775,NA,NA,3875,NA,3950,NA,3200,4200,NA,NA,NA,1750,1850,NA,NA,6000,4695,6620,4798,2000,NA,3000,NA,1819,NA,2000,NA,4300,3210,NA,2225,3495,2444,1600,3000,NA,NA,NA,NA,3000,NA,NA,NA,NA,NA,NA,3000,2100,2800,2200,2300,NA,NA,2465,2338,NA,2000,2300,NA,3666,NA,NA,NA,1938,8995,1895,2000,NA,NA,1800,NA,NA,NA,1875,4466,2400,2000,NA,NA,NA,7500,NA,3835,5000,NA,NA,NA,2150,2300,4900,NA,NA,NA,3500,2700,NA,NA,1995,NA
"73",2016-01-31,4995,5104,3913,2395,4995,NA,2300,NA,NA,6650,2100,NA,NA,NA,2275,NA,NA,1685,NA,3000,1975,NA,2100,2395,1800,NA,2599,4273,NA,1600,2300,NA,NA,3478,NA,2500,10500,2150,6290,3600,NA,NA,NA,2800,NA,3700,NA,2950,1700,2075,NA,NA,NA,2200,2000,NA,4028,5500,2025,2232,NA,1800,2400,1675,NA,3495,NA,NA,2098,5430,1900,7475,NA,NA,2100,NA,2400,3200,NA,NA,NA,1937,3200,4500,1800,2700,5900,2250,2400,NA,NA,NA,NA,NA,2100,2000,NA,NA,NA,2216,2550,1975,1763,NA,NA,3700,NA,3850,NA,3202,4250,NA,NA,NA,NA,1900,NA,NA,6125,4518,6725,4925,1945,NA,2800,NA,1838,NA,2000,NA,4150,3250,NA,2200,3550,2450,NA,3000,NA,NA,NA,NA,3000,NA,NA,NA,NA,NA,NA,3000,2100,2800,2150,2300,NA,NA,2465,2375,NA,2000,2300,NA,3558,NA,NA,NA,1950,8750,1850,2000,NA,NA,1800,NA,NA,NA,1800,4828,2365,1995,NA,NA,1725,7830,NA,3913,4995,NA,NA,NA,2195,2300,4950,NA,NA,NA,3509,2700,NA,NA,2123,NA
"74",2016-02-29,4950,5161,4188,2400,4995,NA,2350,NA,NA,6500,2195,NA,2200,NA,2295,NA,NA,1688,NA,3695,1800,NA,2000,2300,1800,NA,2599,4225,NA,1615,2400,NA,NA,3200,NA,2500,10500,2200,6227,2725,NA,NA,NA,2800,NA,3500,NA,2950,1775,2150,NA,NA,NA,2250,1950,NA,3969,5467,2050,2300,NA,1873,2450,1700,NA,3450,NA,NA,2350,5436,1900,7195,NA,NA,2125,NA,2398,3200,NA,NA,NA,1875,3200,4295,1800,2700,5578,2300,2400,NA,NA,NA,NA,NA,2125,2050,NA,NA,NA,2200,2300,2000,1775,NA,NA,3750,NA,3950,NA,3391,4300,NA,NA,NA,NA,1875,NA,NA,6200,4500,6725,4925,1950,NA,2800,1700,1900,NA,NA,NA,3800,3199,NA,2100,3500,2500,NA,3098,NA,NA,NA,NA,3000,NA,NA,NA,NA,NA,NA,2950,2100,2800,2100,2300,NA,NA,2599,2300,NA,2000,2350,NA,4095,NA,NA,NA,2075,8500,NA,2000,NA,NA,1850,NA,NA,NA,1800,4970,2450,1900,NA,NA,1700,7995,NA,4188,4995,NA,NA,NA,2200,2300,4800,NA,NA,NA,3300,2695,NA,NA,2150,NA
"75",2016-03-31,4900,5085,4115,2400,4800,NA,2400,NA,NA,6650,2200,NA,NA,NA,2295,NA,NA,1773,NA,3625,1750,NA,2145,2200,1800,NA,2597,4295,NA,1700,2300,NA,NA,3300,NA,2550,11250,2150,6500,3095,NA,NA,NA,2800,NA,3500,NA,3000,1698,2400,2235,NA,NA,2350,2000,NA,3995,5300,2000,2300,NA,1798,2400,1700,NA,3595,NA,NA,2395,5446,1897,6995,NA,NA,2250,1700,2400,3300,NA,NA,NA,1850,3200,3890,1825,2800,5898,2350,2400,NA,NA,NA,NA,NA,2050,2000,NA,NA,NA,2251,2300,1891,1750,NA,NA,2875,NA,3998,NA,3400,4250,NA,NA,NA,NA,1913,NA,NA,6150,4350,6460,4793,1899,NA,2950,1700,1800,NA,1975,NA,4125,3100,NA,2099,3500,2500,1600,3100,NA,NA,NA,NA,3000,NA,NA,NA,NA,NA,NA,2950,2200,2800,2173,2350,NA,NA,2725,2300,NA,2000,2325,NA,4123,NA,NA,NA,2038,8500,NA,2000,NA,NA,1875,NA,NA,NA,1725,4911,2358,1950,NA,NA,NA,7600,NA,4115,4800,NA,NA,NA,2200,2300,4595,NA,NA,NA,3250,2673,NA,NA,2100,NA
"76",2016-04-30,4800,5117,3988,2400,4950,NA,2350,1850,NA,6500,2200,NA,NA,1750,2350,NA,1550,NA,NA,3750,1775,NA,2198,2240,1750,NA,2600,4298,NA,1725,2300,NA,NA,3250,NA,2538,12300,2156,6505,3300,NA,NA,NA,2800,NA,3500,NA,3000,1695,2275,2288,NA,NA,2353,1998,NA,3960,5200,2150,2300,NA,1795,2455,1700,NA,3625,NA,NA,2300,5500,2000,7000,NA,NA,2175,1595,2395,3210,NA,NA,NA,1850,3200,4148,1850,2800,5655,2300,2350,NA,NA,NA,NA,NA,2100,2000,NA,NA,NA,2200,2450,1950,1800,NA,NA,3100,NA,4110,NA,3391,4200,NA,NA,NA,NA,2000,NA,NA,6450,4500,6800,4750,1950,NA,3000,NA,1800,NA,1975,NA,4445,3100,NA,2100,3493,2450,1648,3116,NA,NA,NA,NA,3100,NA,NA,NA,NA,NA,NA,3050,2200,2900,2200,2350,NA,NA,2825,2300,NA,2000,2400,NA,4095,NA,NA,NA,2075,7048,NA,2000,NA,NA,1950,NA,NA,NA,1803,4911,2300,2000,NA,NA,NA,8600,NA,3988,4950,NA,NA,NA,2250,2275,4650,NA,NA,NA,3200,2650,NA,NA,NA,NA
"77",2016-05-31,4600,5000,3750,2400,4878,NA,2380,NA,NA,6903,2200,NA,NA,NA,2400,NA,NA,1700,NA,3788,1800,NA,2100,2548,1800,NA,2650,4425,NA,1700,2350,NA,NA,3350,NA,2500,9750,2200,6495,3100,NA,NA,NA,2800,NA,3800,NA,3500,1698,2300,NA,NA,NA,2350,2000,NA,3690,5500,1950,2350,NA,1795,2500,1725,NA,3590,NA,NA,2463,5400,1975,6619,NA,NA,2250,1625,2380,3300,NA,NA,NA,1875,3400,4295,1900,2931,5450,2350,2300,NA,NA,NA,NA,NA,2100,2300,NA,NA,NA,2251,2450,1788,1850,NA,NA,3550,NA,4150,NA,3473,4000,NA,NA,NA,NA,2000,NA,NA,6373,4495,6750,4500,2000,NA,3000,NA,1750,NA,1900,NA,4325,3100,NA,2025,3500,2500,NA,3150,NA,NA,NA,NA,3000,NA,NA,NA,NA,NA,NA,3000,2232,2900,2195,2375,NA,NA,2800,2300,NA,2100,2350,NA,4095,NA,NA,NA,2085,6975,NA,2000,NA,NA,1925,NA,NA,NA,1750,4994,2400,2000,NA,NA,NA,9000,NA,3750,4878,NA,NA,NA,2195,2300,4500,NA,NA,NA,3200,2800,NA,NA,NA,NA
"78",2016-06-30,4750,5000,3650,2350,4500,NA,2400,NA,NA,6785,2200,NA,2200,NA,2400,NA,NA,1950,NA,3500,1900,NA,NA,2548,1800,NA,2650,4200,NA,1700,2400,NA,NA,3200,NA,2500,9500,2200,6296,3223,NA,NA,NA,2745,NA,3575,NA,3050,1700,2400,NA,NA,NA,2400,2100,NA,3695,5500,1950,2400,NA,1795,2500,1750,NA,3599,NA,NA,2200,5450,1997,7219,NA,NA,2270,1650,2364,3200,NA,NA,NA,NA,3100,4250,1998,2825,5750,2390,2250,1700,NA,NA,NA,NA,2050,2350,NA,NA,NA,2226,2450,1950,1850,NA,NA,3500,NA,4100,NA,3500,4000,NA,NA,NA,NA,2100,NA,NA,6500,4600,6578,4200,1998,NA,3500,NA,1800,NA,1900,NA,3995,3100,NA,2100,3410,2500,1645,3100,NA,NA,NA,NA,3150,NA,NA,NA,NA,NA,NA,2996,2271,2900,2138,2393,NA,NA,2500,2375,NA,2100,2313,2075,4376,NA,NA,NA,1975,7050,NA,2095,NA,NA,1948,NA,NA,NA,1700,5101,2400,2000,2075,NA,NA,9000,NA,3650,4500,NA,NA,NA,2195,2275,4550,NA,NA,NA,3195,2800,NA,NA,2425,NA
"79",2016-07-31,4728,4999,3695,2400,4503,NA,2400,NA,NA,6600,2200,NA,NA,NA,2399,NA,NA,NA,NA,3688,1925,NA,1925,2498,1800,NA,2622,4000,NA,1650,2399,NA,NA,3450,NA,2550,9750,2250,6214,3100,NA,NA,NA,2750,NA,3500,NA,3100,1700,2399,2323,NA,NA,2399,2250,NA,3950,5346,1995,2395,NA,1850,2500,1825,NA,3595,NA,NA,2325,5500,1997,6950,NA,NA,2283,1650,2400,3200,NA,NA,NA,1850,3175,4150,2000,2800,4895,2367,2299,1700,NA,NA,NA,NA,2073,2188,NA,NA,NA,2299,2300,1950,2017,NA,NA,3500,NA,4100,NA,3300,4000,NA,NA,NA,NA,2100,NA,NA,6500,4500,6595,4425,1950,NA,3100,NA,1800,NA,1913,NA,3995,3000,NA,2100,3450,2500,1673,3100,NA,NA,NA,NA,3100,NA,NA,NA,NA,NA,NA,2950,2300,2800,2138,2395,NA,NA,2750,2350,NA,2050,2425,2000,4315,NA,NA,NA,1950,6948,NA,2050,NA,NA,1948,NA,NA,NA,1828,4958,2398,1985,2000,NA,NA,8750,NA,3695,4503,NA,NA,NA,2197,2400,4798,NA,NA,NA,3100,2750,NA,NA,2350,NA
"80",2016-08-31,4750,4913,3500,2450,4552,NA,2400,NA,NA,6585,2285,NA,NA,NA,2395,NA,NA,2000,NA,3400,1988,NA,1925,2500,1850,NA,2600,4200,NA,1650,2395,NA,NA,3200,NA,2600,9500,2253,6150,3100,NA,NA,NA,2700,NA,3540,NA,2950,1700,2200,2280,NA,NA,2395,2050,NA,4095,5450,2195,2375,NA,1900,2500,1800,NA,3550,NA,NA,2000,5298,2000,6995,NA,NA,2250,NA,2498,3400,NA,NA,NA,1850,3300,4300,1900,2800,5748,2400,2300,NA,NA,NA,NA,NA,2150,2375,NA,NA,NA,2138,2400,NA,2017,NA,NA,3500,NA,4085,NA,3395,3999,NA,NA,NA,NA,2100,NA,NA,6000,4400,6461,4500,1963,NA,3100,NA,1800,NA,1900,NA,4000,3094,NA,2250,3500,2600,1650,3099,NA,NA,NA,NA,3000,NA,NA,NA,NA,NA,NA,3100,2300,2800,2225,2400,NA,NA,3500,2500,NA,2100,2425,2000,4100,NA,NA,NA,1925,7948,NA,2099,NA,NA,2125,NA,NA,NA,1950,5225,2400,2000,2000,NA,1650,8500,NA,3500,4552,NA,NA,NA,2200,2400,4500,NA,NA,NA,3192,2750,NA,NA,2175,NA
"81",2016-09-30,4800,4999,3695,2475,4528,NA,2400,NA,NA,6500,2200,NA,2200,1725,2395,NA,1700,1875,NA,3350,2250,NA,2025,2500,1800,NA,2600,4300,NA,1650,2350,NA,1813,3023,1775,2600,9250,2250,5995,2800,NA,NA,NA,2775,NA,3500,NA,2950,1775,2300,2265,NA,NA,2300,2199,NA,4170,5350,2198,2350,NA,1900,2500,1799,NA,3495,NA,NA,1978,5295,1995,7000,NA,NA,2100,NA,2400,3300,NA,NA,NA,1850,3100,4125,1925,2800,5745,2200,2250,NA,NA,NA,NA,NA,2200,2375,NA,NA,NA,2150,2275,NA,2016,NA,NA,3400,NA,4175,NA,3387,4095,NA,NA,NA,NA,2050,NA,NA,5913,4495,6507,4500,1995,NA,3298,NA,2050,NA,1800,NA,4245,3097,NA,2150,3400,2500,1750,3045,NA,NA,NA,NA,3000,1841,NA,NA,NA,NA,NA,3197,2300,2800,2100,2395,NA,NA,2925,2375,NA,2150,2495,2050,4100,NA,NA,NA,2050,7795,NA,2030,NA,NA,2100,NA,NA,NA,1750,4930,2500,2000,2050,NA,NA,8000,NA,3695,4528,NA,NA,NA,2200,2350,4700,NA,NA,NA,3200,2800,NA,NA,2000,NA
"82",2016-10-31,4700,4995,3600,2450,4500,NA,2344,NA,NA,6500,2150,NA,2200,1725,2350,NA,NA,1900,NA,3300,2000,NA,2095,2350,1775,NA,2550,4003,NA,1650,2300,NA,1800,3100,1775,2606,9000,2200,5948,2950,NA,NA,NA,2800,NA,3500,NA,2950,1725,2300,2265,NA,NA,2299,2050,NA,4092,5380,1950,2300,NA,1900,2495,1799,NA,3495,NA,NA,2050,5169,1998,6974,NA,NA,2250,NA,2350,3200,NA,NA,NA,1898,3000,3948,1985,2800,5500,2149,2350,NA,NA,NA,NA,NA,2200,2294,NA,2223,NA,2150,2123,2013,2000,NA,NA,3475,NA,4000,NA,3254,4000,NA,NA,NA,NA,1900,NA,2000,5799,4395,6595,4500,1995,NA,3295,NA,2213,NA,1787,NA,4195,3100,NA,2100,3400,2450,1800,3000,NA,NA,NA,NA,2950,1700,NA,NA,NA,NA,NA,3173,2292,2800,2099,2300,NA,NA,2700,2399,NA,2050,2500,2025,3775,NA,NA,NA,2095,7995,NA,2010,NA,NA,2100,NA,NA,NA,1825,4977,2383,2000,2025,NA,NA,8556,NA,3600,4500,NA,NA,NA,2300,2873,4500,NA,NA,NA,3250,2800,NA,NA,2050,NA
"83",2016-11-30,4711,4900,3695,2400,4615,NA,2350,NA,NA,6525,2200,NA,2200,1800,2349,NA,NA,1800,NA,3000,1900,NA,2148,2500,1800,NA,2500,4075,NA,1650,2300,NA,1800,3000,NA,2571,9500,2200,5865,3100,NA,NA,NA,2800,NA,3348,NA,3000,1700,2325,2238,NA,NA,2250,2050,NA,3995,5396,2000,2299,NA,1850,2500,1800,NA,3500,NA,NA,1995,5000,1999,6945,NA,NA,2150,1700,2253,3325,NA,NA,NA,1895,3000,3995,2050,2800,5495,2150,2350,NA,NA,NA,NA,NA,2080,2246,NA,2373,NA,2125,2150,2000,2017,NA,NA,3350,NA,4000,NA,3200,3999,NA,NA,NA,NA,2000,NA,1975,5800,4295,6500,4500,1906,NA,3200,NA,2250,NA,1650,NA,4245,3131,NA,2100,3325,2450,1695,2980,NA,NA,NA,NA,2900,1700,NA,NA,NA,NA,NA,2900,2200,2800,2100,2300,NA,NA,2700,2400,NA,2100,2450,2025,3600,NA,NA,NA,2100,7795,NA,2025,NA,NA,2200,NA,NA,NA,1850,5057,2300,2000,2025,NA,NA,8000,NA,3695,4615,NA,NA,NA,2200,2291,4395,NA,NA,NA,3295,2800,NA,NA,2195,NA
"84",2016-12-31,4589,4900,3800,2400,4650,NA,2375,NA,NA,6500,2250,NA,NA,NA,2300,NA,1680,1750,NA,3100,2050,NA,1900,2700,1850,NA,2500,4425,NA,1750,2300,NA,NA,3050,NA,2550,9500,2200,5900,3198,NA,NA,NA,2723,NA,3125,NA,3199,1775,2500,2235,NA,NA,2200,2000,NA,3991,5485,2000,2295,NA,1850,2500,1800,NA,3477,NA,NA,2050,5141,1900,6995,NA,NA,2200,NA,2450,3400,NA,NA,NA,1895,2995,4057,1938,2700,5448,2195,2350,NA,NA,NA,NA,NA,2200,2246,NA,2350,NA,2195,2150,NA,2000,NA,NA,3300,NA,3950,NA,3100,3995,NA,NA,NA,NA,1925,NA,NA,5800,4482,6500,4500,1946,NA,3200,NA,NA,NA,1800,NA,4175,3000,NA,2150,3295,2495,1699,2950,NA,NA,NA,NA,2900,1645,NA,NA,NA,NA,NA,2875,2175,2800,2075,2300,NA,NA,2450,2688,NA,2100,2300,1963,3798,NA,NA,NA,2100,7646,NA,2025,NA,NA,2206,NA,NA,NA,1850,4925,2298,1960,1963,NA,NA,8200,NA,3800,4650,NA,NA,NA,2200,2291,4775,NA,NA,NA,3230,2900,NA,NA,2200,NA
"85",2017-01-31,4700,4948,3850,2400,4625,NA,2300,NA,NA,6898,2200,NA,2375,NA,2300,NA,1655,1995,NA,3075,2000,NA,1800,2600,1800,NA,2500,4400,NA,1750,2280,NA,NA,3200,1795,2550,9500,2200,5750,3449,NA,NA,NA,2750,NA,3473,NA,2964,1650,2500,2280,NA,NA,2200,2000,NA,3986,5495,2000,2250,NA,1900,2593,1800,NA,3438,NA,NA,2300,5218,1900,6998,NA,NA,2250,1650,2450,3450,NA,NA,NA,1950,2998,4015,1990,2693,5150,2200,2300,NA,NA,NA,NA,NA,2200,2248,NA,2373,NA,2200,2175,1975,1998,NA,NA,3225,NA,4000,NA,3100,3998,NA,NA,NA,NA,2000,NA,NA,5854,4495,6457,4506,2100,NA,3000,NA,NA,NA,1775,NA,4198,3000,NA,2050,3330,2400,1695,2862,NA,NA,NA,NA,2950,1680,NA,NA,NA,NA,NA,2995,2225,2800,2100,2300,NA,NA,2800,2500,NA,2100,2200,1850,4037,NA,NA,NA,2000,7350,NA,2000,NA,NA,2238,NA,NA,NA,1950,4979,2300,1960,1850,NA,NA,8800,NA,3850,4625,NA,NA,NA,2200,2200,5200,NA,NA,NA,3200,2800,NA,NA,2200,NA
"86",2017-02-28,4750,5000,3995,2363,4700,NA,2300,NA,1895,6800,2150,NA,2400,NA,2345,NA,1650,1900,NA,3200,1900,NA,1899,2650,1795,1695,2500,4200,NA,1725,2300,NA,1800,3100,NA,2500,9500,2200,5663,3500,NA,NA,NA,2745,NA,3343,NA,3050,1675,2400,NA,NA,NA,2248,2100,NA,3991,5498,2000,2299,NA,1987,2635,1800,NA,3495,NA,NA,2175,5295,1900,7398,NA,NA,2250,1650,2549,3300,NA,NA,NA,2000,3500,4275,1995,2700,4773,2300,2300,NA,NA,NA,NA,NA,2125,2271,2861,NA,NA,2100,2200,1975,1950,NA,NA,3175,NA,4007,NA,3325,4000,NA,NA,NA,NA,2000,NA,NA,6200,4600,6460,4708,2125,NA,3071,NA,NA,NA,1700,NA,4245,3000,NA,2050,3400,2399,1650,2800,NA,NA,NA,NA,2900,NA,NA,NA,NA,NA,NA,2995,2300,2800,2058,2300,NA,NA,2850,2525,NA,2100,2300,1850,4192,NA,NA,NA,2100,8175,NA,2050,NA,NA,2048,NA,NA,NA,1850,4784,2350,1960,1850,NA,NA,9000,NA,3995,4700,NA,NA,NA,2200,2413,5100,NA,NA,NA,3100,2850,NA,NA,2075,NA
"87",2017-03-31,4672,5000,3695,2400,4500,NA,2300,NA,1850,6900,2100,NA,2325,NA,2300,NA,1695,1825,NA,3300,1850,NA,1899,2525,1850,NA,2495,4150,NA,1700,2299,NA,1700,3100,NA,2500,9500,2200,5778,3299,NA,NA,NA,2650,NA,3250,NA,3125,1999,2325,2240,NA,NA,2250,2050,NA,4115,5495,1950,2275,NA,2000,2595,1800,NA,3500,NA,NA,2150,5163,1925,7150,NA,NA,2225,1700,2500,3325,NA,NA,NA,2000,2500,3995,1900,2650,4500,2198,2300,NA,NA,NA,NA,NA,2200,2200,2913,NA,NA,2050,2200,1975,1938,NA,NA,3800,NA,3995,NA,3350,3998,NA,NA,NA,NA,2000,NA,1900,5877,4600,6459,4579,2100,NA,2812,NA,NA,NA,1700,NA,4195,3000,NA,2100,3395,2400,NA,2800,NA,NA,NA,NA,2850,NA,NA,NA,NA,NA,NA,2979,2250,2700,2000,2300,NA,NA,3000,2650,NA,2150,2324,1800,4069,NA,NA,NA,2100,7000,NA,2000,NA,NA,2200,NA,NA,NA,1800,4759,2300,1960,1800,NA,NA,8800,NA,3695,4500,NA,NA,NA,2200,2488,4900,NA,NA,NA,3200,2650,1960,NA,2100,NA
"88",2017-04-30,4500,4950,3500,2400,4500,NA,2300,NA,1775,7078,2200,NA,NA,NA,2300,NA,1700,2000,NA,3077,1925,NA,1900,2500,1850,NA,2500,4495,NA,1700,2300,NA,NA,3200,1900,2550,9500,2200,5805,3175,NA,NA,NA,2600,NA,3400,NA,3150,1800,2399,2253,NA,NA,2245,2100,NA,4124,5475,1975,2295,NA,1950,2643,1800,NA,3595,NA,NA,2150,5316,1950,7400,NA,NA,2250,NA,2500,3450,NA,NA,NA,1900,2695,4000,1900,2700,4525,2298,2350,NA,NA,NA,NA,NA,2150,2200,2825,NA,NA,2000,2225,1925,1875,NA,NA,3293,NA,3994,NA,3300,3999,NA,NA,NA,NA,2050,NA,NA,5582,4395,6504,4616,2113,NA,2925,NA,2134,NA,1875,NA,4295,3000,NA,2150,3400,2400,1700,2800,NA,NA,NA,NA,2900,NA,NA,NA,NA,NA,NA,2995,2200,2800,2150,2300,NA,NA,2742,2575,NA,2150,2400,NA,3995,NA,NA,NA,2150,7450,NA,2079,NA,NA,2000,NA,NA,NA,1725,4857,2300,1992,NA,NA,NA,8550,NA,3500,4500,NA,NA,NA,2250,2388,4699,NA,NA,NA,3200,2800,2000,NA,2150,NA
"89",2017-05-31,4500,4995,3595,2400,4500,NA,2300,NA,1800,7000,2200,NA,2400,NA,2350,NA,1699,1900,NA,3500,1988,NA,1899,2495,1875,NA,2500,4495,NA,1750,2350,NA,NA,3100,NA,2500,9500,2200,5544,3474,NA,NA,NA,2650,NA,3575,NA,3050,1700,2250,2195,NA,NA,2299,2000,NA,4311,5655,1999,2300,NA,1900,2500,1850,NA,3600,NA,NA,2200,5455,1975,7050,NA,NA,2298,1750,2425,3500,NA,NA,NA,1950,2800,4148,2000,2750,4600,2300,2350,NA,NA,NA,NA,NA,2100,2200,2675,NA,NA,2200,2150,1950,1957,NA,NA,2995,NA,3800,NA,3450,3993,NA,NA,NA,NA,2000,NA,1900,5750,4400,6459,4750,2000,NA,3100,NA,2074,NA,2100,NA,4395,3000,NA,2150,3463,2400,NA,2850,NA,NA,NA,NA,2950,1850,NA,NA,NA,NA,NA,2995,2197,2800,2198,2300,NA,NA,2683,2500,NA,2100,2375,NA,4300,NA,NA,NA,2100,7000,NA,2050,NA,NA,1950,NA,NA,NA,1900,4941,2300,2013,NA,NA,NA,7948,NA,3595,4500,NA,NA,NA,2263,2450,4525,NA,NA,NA,3195,2875,NA,NA,2200,NA
"90",2017-06-30,4297,4950,3598,2425,4495,NA,2350,NA,1925,6995,2200,NA,2549,NA,2350,NA,1690,1875,NA,3300,2000,NA,1899,2495,1850,NA,2500,4500,NA,1750,2350,NA,1800,3254,NA,2500,9475,2200,5681,3000,NA,NA,NA,2698,NA,3300,NA,2975,1750,2400,2150,NA,NA,2350,2000,NA,4308,5628,1900,2328,NA,1995,2500,1850,NA,3500,NA,NA,2200,5475,2000,7000,NA,NA,2400,1900,2475,3575,NA,NA,NA,1900,2900,4000,1950,2800,4398,2350,2350,1800,NA,NA,NA,NA,2099,2200,3100,NA,NA,2200,2100,1875,1888,NA,NA,3600,NA,3895,NA,3425,3895,NA,NA,NA,NA,2000,NA,2000,5798,4425,6457,4500,2055,NA,3000,NA,1848,NA,1913,NA,3900,3000,NA,2200,3400,2400,1695,2850,NA,NA,NA,NA,2995,1773,NA,NA,NA,NA,NA,2995,2275,2835,2100,2325,NA,NA,2800,2500,NA,2090,2400,1897,4350,NA,NA,NA,2100,7250,NA,2100,NA,NA,2075,NA,NA,NA,1950,4504,2395,2100,1897,NA,NA,7775,NA,3598,4495,NA,NA,NA,2300,2450,4395,NA,NA,NA,3163,2800,NA,NA,2200,NA
"91",2017-07-31,4250,4800,3595,2450,4250,NA,2397,NA,1925,6915,2200,NA,2550,NA,2395,NA,1700,1875,NA,3666,1850,NA,1913,2599,1850,NA,2500,4495,NA,1750,2350,NA,NA,3400,NA,2611,9450,2250,5695,2900,NA,NA,NA,2844,NA,3500,NA,3000,1750,2150,2200,NA,NA,2350,2100,NA,4399,5500,1900,2350,NA,2000,2500,1850,NA,3497,NA,NA,2200,5450,2099,6500,NA,NA,2500,1960,2450,3350,NA,NA,NA,2000,2900,3995,1950,2800,5445,2350,2350,1800,NA,NA,NA,NA,2000,2200,3125,NA,NA,2293,2100,1975,1860,NA,NA,3223,NA,3951,NA,3298,3795,NA,NA,NA,NA,2000,NA,2000,5762,4300,6457,4300,2100,NA,2874,NA,1988,NA,1999,NA,3900,3000,NA,2200,3400,2400,NA,2850,NA,NA,NA,NA,2960,1690,NA,NA,NA,NA,NA,3000,2300,2800,2100,2338,NA,NA,2800,2595,NA,2100,2600,1850,4400,NA,NA,NA,2150,7000,NA,2150,NA,NA,2150,NA,NA,NA,1900,4933,2388,2150,1850,NA,1800,8400,NA,3595,4250,NA,NA,NA,2300,2425,4350,NA,NA,NA,3100,2750,NA,NA,2200,NA
"92",2017-08-31,4295,4800,3700,2493,4217,NA,2350,NA,NA,6780,2050,NA,2150,NA,2399,NA,1750,NA,NA,3500,2000,NA,1995,2395,1900,NA,2600,4578,NA,1713,2350,NA,NA,3400,NA,2700,9900,2300,5625,3000,NA,NA,NA,2700,NA,3600,NA,3000,1750,2275,NA,NA,NA,2450,2250,NA,4188,5571,NA,2398,NA,2087,2500,1825,NA,3450,NA,NA,2155,5300,2100,6895,NA,NA,2395,NA,2400,3600,NA,NA,NA,2148,3295,4210,1975,2625,4995,2300,2385,1838,NA,NA,NA,NA,2097,2275,NA,NA,NA,2208,2200,1975,2100,NA,NA,3400,NA,4133,NA,3295,3880,NA,NA,2365,NA,2100,NA,NA,5827,4200,6460,4500,2095,NA,2985,NA,NA,NA,2000,NA,4073,2999,NA,2200,3495,2445,NA,2999,NA,NA,NA,NA,3000,1850,NA,NA,NA,NA,NA,3000,2300,2800,2200,2375,NA,NA,2900,2768,NA,2200,2498,1749,4173,NA,NA,NA,2200,6300,NA,2100,NA,NA,1900,NA,NA,NA,1900,4910,2300,2013,1749,NA,NA,6500,NA,3700,4217,NA,NA,NA,2295,2175,4350,NA,NA,NA,3095,2599,NA,NA,2250,NA
"93",2017-09-30,4500,4968,4140,2495,4450,NA,2300,NA,NA,6900,2100,NA,2175,NA,2350,NA,1750,1800,NA,3400,2099,NA,1950,2250,1900,NA,2500,4630,NA,1750,2350,NA,NA,2938,NA,2650,10240,2250,5800,2950,NA,NA,NA,2980,NA,3798,NA,2875,1949,2250,NA,NA,NA,2400,2261,NA,4066,5595,1813,2350,NA,1995,2500,1795,NA,3333,NA,NA,2198,5000,2099,6995,NA,NA,2325,2050,2400,3575,NA,NA,NA,1925,3200,4595,1995,2750,4998,2249,2350,NA,NA,NA,NA,NA,2200,2189,NA,NA,NA,2285,2200,1975,2200,NA,NA,3300,NA,3891,NA,3273,4000,NA,NA,NA,NA,2100,NA,NA,5881,4350,6500,4650,2000,NA,2800,NA,1950,NA,1938,NA,3998,3000,NA,2150,3435,2400,NA,2950,NA,NA,NA,NA,3000,NA,NA,NA,NA,NA,NA,3071,2295,2800,2250,2350,NA,NA,2850,2800,NA,2100,2388,1850,NA,NA,NA,NA,2100,6800,NA,2100,NA,NA,1925,NA,NA,NA,1950,4812,2350,2000,1850,NA,1775,6300,NA,4140,4450,NA,NA,NA,2291,2250,4500,NA,NA,NA,3067,2599,NA,NA,2200,NA
"94",2017-10-31,4520,4996,3865,2450,4497,NA,2300,NA,NA,6500,2125,NA,NA,NA,2350,NA,1750,1850,NA,3350,1997,NA,1950,2299,1895,NA,2500,4843,NA,1798,2347,NA,1800,3225,1900,2550,9900,2200,5746,2750,NA,NA,NA,2995,NA,3798,NA,2887,1925,2375,NA,NA,NA,2375,2300,NA,4059,5471,1800,2349,NA,1963,2500,1825,NA,3300,NA,NA,2155,4924,2050,6750,NA,NA,2325,NA,2395,3200,NA,NA,NA,1900,3100,3912,2075,2700,5275,2300,2350,NA,NA,NA,NA,NA,2057,2191,NA,NA,NA,2300,2098,2063,1900,NA,NA,3190,NA,3794,NA,3300,4000,NA,NA,NA,NA,1975,NA,NA,5684,4395,6500,4900,1999,NA,2695,NA,1925,NA,1913,NA,3897,2900,NA,2108,3429,2400,NA,2900,NA,NA,NA,NA,2963,NA,NA,NA,NA,NA,NA,2900,2200,2750,2050,2300,NA,NA,2750,2537,NA,2083,2388,1775,3625,NA,NA,NA,2000,7995,NA,2100,NA,NA,2000,NA,NA,NA,2025,4756,2300,1950,1775,NA,1775,6135,NA,3865,4497,NA,NA,NA,2292,2256,4498,NA,NA,NA,3000,2663,NA,NA,2100,NA
"95",2017-11-30,4600,4585,4153,2399,4500,NA,2300,NA,NA,6687,2150,NA,2200,NA,2350,NA,1725,1800,NA,3250,1895,NA,1899,2338,1842,NA,2495,4398,NA,1800,2300,NA,1800,3200,1900,2595,9980,2200,5925,2800,NA,NA,NA,2944,NA,3750,NA,2800,2000,2350,2300,NA,NA,2399,2275,NA,4075,5163,1737,2325,NA,2000,2450,1800,NA,3285,NA,NA,2155,4936,2000,7000,NA,NA,2108,NA,2400,3000,NA,NA,NA,1900,2995,4048,2099,2649,5650,2200,2219,NA,NA,NA,NA,NA,2075,2200,NA,NA,NA,2223,2250,2000,1900,NA,NA,3400,NA,3678,NA,3195,3996,NA,NA,NA,NA,2000,NA,NA,5616,4100,5256,4482,2050,NA,2600,NA,1960,NA,1950,NA,3798,2800,NA,2100,3300,2400,NA,2797,NA,NA,NA,NA,2895,NA,NA,NA,NA,NA,NA,2800,2200,2650,2000,2300,NA,NA,2598,2375,NA,2085,2595,NA,3425,NA,NA,NA,2200,8000,NA,2063,NA,NA,1900,NA,NA,NA,2100,4745,2150,1950,NA,NA,1700,6100,NA,4153,4500,NA,NA,NA,2291,2256,4300,NA,NA,NA,2915,2600,NA,NA,2050,NA
"96",2017-12-31,4695,4595,4408,2395,4650,NA,2300,NA,NA,6687,2150,NA,NA,NA,2300,NA,NA,1825,NA,3350,1800,NA,1899,2295,1860,NA,2450,4499,NA,1750,2300,NA,NA,3000,1900,2595,9650,2200,5623,2773,NA,NA,NA,2985,NA,4057,NA,2790,1799,2450,2283,NA,NA,2312,2275,NA,4075,4995,NA,2300,NA,2090,2495,1800,NA,3398,NA,NA,2155,4990,1990,7495,NA,NA,2100,NA,2400,2800,NA,NA,NA,1900,2975,4296,1913,2500,5500,2250,2258,1880,NA,NA,NA,NA,2025,2200,NA,NA,NA,2195,2250,2000,1900,NA,NA,3300,NA,3750,NA,3195,4150,NA,NA,NA,NA,2000,NA,NA,5598,4295,5344,4362,2100,NA,2895,NA,NA,NA,1860,NA,4195,2750,NA,2075,3411,2395,NA,2800,NA,NA,NA,NA,2850,NA,NA,NA,NA,NA,NA,3000,2200,2600,2072,2295,NA,NA,2800,2353,NA,2125,2350,NA,NA,NA,NA,NA,2200,8250,NA,2095,NA,NA,2100,NA,NA,NA,2100,4835,2225,1995,NA,NA,NA,6900,NA,4408,4650,NA,NA,NA,2225,2442,4500,NA,NA,NA,2895,2695,NA,NA,2100,NA
"97",2018-01-31,4595,4750,4153,2380,4781,NA,2300,NA,NA,6200,2150,NA,NA,NA,2299,NA,1700,1750,NA,3340,1795,NA,1985,2250,1900,NA,2400,4400,NA,1750,2271,NA,NA,2995,NA,2625,9650,2200,5570,2700,NA,NA,NA,3013,NA,3663,NA,2750,NA,NA,2330,NA,NA,2295,2300,NA,4101,5000,2098,2290,NA,2100,2475,1850,NA,3462,NA,NA,1950,4950,2050,6961,NA,NA,2288,NA,2400,3000,NA,NA,NA,1950,2788,4198,1975,2600,5000,2150,2250,NA,NA,NA,NA,NA,2150,2200,NA,NA,NA,2200,2275,2000,1750,NA,NA,3600,NA,3811,NA,3100,4100,NA,NA,NA,NA,2048,NA,NA,5634,4443,5400,4500,2000,NA,2729,NA,1913,NA,1824,NA,4100,2800,NA,2170,3547,2399,1695,2800,NA,NA,NA,NA,2995,NA,NA,NA,NA,NA,NA,3100,2138,2700,2150,2300,NA,NA,2499,2350,NA,2099,2550,NA,3428,NA,NA,NA,2100,8495,NA,2100,NA,NA,1900,NA,NA,NA,1975,4845,2200,1999,NA,NA,1700,7000,NA,4153,4781,NA,NA,NA,2200,2500,4450,NA,NA,NA,2963,2700,NA,NA,2100,NA
"98",2018-02-28,4629,4800,4125,2395,4891,NA,2299,NA,1900,5975,2100,NA,NA,NA,2290,NA,1650,1773,NA,3400,NA,NA,1924,2225,1913,NA,2400,4500,NA,1750,2295,NA,NA,3250,NA,2638,9500,2150,5950,2800,NA,NA,NA,3100,NA,3500,NA,2750,1950,NA,2208,NA,NA,2300,2250,NA,4010,5500,2000,2290,NA,2100,2475,1850,NA,3600,NA,NA,1950,5030,2100,7027,NA,NA,2300,1747,2400,3000,NA,NA,NA,1899,3000,4240,2095,2500,5500,2199,2200,NA,NA,NA,NA,NA,2170,2200,NA,NA,NA,2250,2275,1938,1763,NA,NA,3675,NA,3695,NA,3000,4150,NA,NA,NA,NA,2000,NA,NA,5725,4510,5550,4350,1990,NA,2950,NA,1900,NA,2035,NA,4000,2800,NA,2150,3600,2342,NA,2792,NA,NA,NA,NA,3000,NA,NA,NA,NA,NA,NA,3223,2249,2700,2100,2250,NA,NA,2499,2398,NA,2050,2525,2200,4060,NA,NA,NA,2000,8500,NA,2100,NA,NA,1995,NA,NA,NA,1863,4325,2195,1999,2200,NA,1825,7583,NA,4125,4891,NA,NA,NA,2200,2600,4556,NA,NA,NA,2922,2600,NA,NA,2090,NA
"99",2018-03-31,4650,4725,3900,2395,4500,NA,2300,NA,1900,6100,2100,NA,NA,NA,2305,NA,1613,1850,NA,3300,1850,NA,2050,2250,1961,NA,2495,4325,NA,1800,2295,NA,1800,3250,NA,2620,9500,2195,5904,2858,NA,NA,NA,2990,NA,3350,NA,NA,1850,2400,2273,NA,NA,2350,2350,NA,4056,5839,1820,2300,NA,2050,2450,1850,NA,3550,NA,NA,1935,4998,2100,7168,NA,NA,2300,NA,2400,3000,NA,NA,NA,1945,3250,4400,2083,2695,5500,2400,2395,NA,NA,NA,NA,NA,2200,2100,NA,NA,NA,2250,2250,2000,2018,NA,NA,6423,NA,3771,NA,3277,3995,NA,NA,NA,NA,2000,NA,NA,6000,4400,5500,4450,2100,NA,3000,NA,1926,NA,1975,NA,4295,2875,NA,2135,3650,2395,NA,2795,NA,NA,NA,NA,3000,NA,NA,NA,NA,NA,NA,3223,2350,2775,2100,2295,NA,NA,2725,2350,NA,2100,2550,2446,4015,NA,NA,NA,2000,8300,NA,2100,NA,NA,1995,NA,NA,NA,1900,4565,2200,2000,2446,NA,1850,7900,NA,3900,4500,NA,NA,NA,2250,2400,4528,NA,NA,NA,2995,2650,NA,NA,2100,NA
"100",2018-04-30,4437,4750,3495,2475,4500,NA,2294,NA,1948,6900,2100,NA,NA,NA,2400,NA,1675,1850,NA,3485,1850,NA,2000,2295,2017,NA,2500,4858,NA,1750,2350,NA,1825,3300,NA,2750,9365,2150,5700,2895,NA,NA,NA,2975,NA,3300,NA,2725,1995,2325,NA,NA,NA,2350,2273,NA,4138,6180,1999,2350,NA,2000,2400,1900,NA,3595,NA,NA,2050,4700,2095,6749,NA,NA,2300,1800,2600,3000,NA,NA,NA,2000,3100,4100,2075,2750,5200,2225,2450,NA,NA,NA,NA,NA,2250,2100,NA,NA,NA,2216,2350,2000,2067,NA,NA,4748,NA,3729,NA,3300,3900,NA,NA,NA,NA,2000,NA,NA,5850,4495,6379,4548,2120,NA,3100,NA,1900,NA,2100,NA,4038,2952,NA,2237,3500,2350,NA,2800,NA,NA,NA,NA,3100,NA,NA,NA,NA,NA,NA,3099,2395,2800,2250,2299,NA,NA,2838,2350,NA,2000,2550,2305,4085,NA,NA,NA,2000,7995,NA,2100,NA,NA,1900,NA,NA,NA,1825,4472,2200,2000,2305,NA,NA,8290,NA,3495,4500,NA,NA,NA,2275,2550,4600,NA,NA,NA,3000,2700,NA,NA,2050,NA
"101",2018-05-31,4394,4620,3495,2500,4500,NA,2300,NA,2023,6948,2100,NA,NA,NA,2400,NA,NA,1995,NA,3550,1850,NA,1899,2397,2000,NA,2500,4200,NA,1795,2400,NA,1875,3400,NA,2750,9500,2200,6200,3000,NA,NA,NA,3025,NA,3265,NA,3150,2000,2300,NA,NA,NA,2350,2095,NA,4450,5995,2000,2400,NA,2000,2495,1900,NA,3600,NA,NA,2050,5369,2050,7373,NA,NA,2300,1850,2500,3000,NA,NA,NA,2100,3250,4185,2099,2750,5200,2500,2500,1800,NA,NA,NA,NA,2200,2200,NA,NA,NA,2150,2228,2000,2000,NA,NA,3600,NA,3869,NA,3395,3900,NA,2748,NA,NA,2000,NA,NA,5799,4395,5500,4500,2100,NA,3100,NA,1925,NA,2200,NA,4498,2995,NA,2200,3500,2350,NA,2895,NA,NA,NA,NA,3100,NA,NA,NA,NA,NA,NA,3206,2400,2850,2150,2300,NA,NA,2900,2300,NA,2100,2495,2325,4498,NA,NA,NA,1950,7748,NA,2100,NA,NA,2000,NA,NA,NA,1900,3837,2200,2154,2325,NA,NA,7850,NA,3495,4500,NA,NA,NA,2295,2500,4525,NA,NA,NA,3000,2800,NA,NA,2100,NA
"102",2018-06-30,4295,4733,3400,2500,4500,NA,2299,NA,1950,6923,2200,NA,2250,NA,2400,NA,1800,1900,NA,3798,1875,NA,2100,2448,2000,NA,2595,4195,NA,1800,2400,NA,NA,3250,NA,2795,8700,2250,5844,2975,NA,NA,NA,3000,NA,3404,NA,3200,NA,2300,NA,NA,NA,2399,2199,NA,4881,5695,1850,2400,NA,2000,2500,1925,NA,3600,NA,NA,2000,5360,2100,7201,NA,NA,2297,NA,2497,3775,NA,NA,NA,2000,3250,4195,1840,2900,4850,2900,2500,1850,NA,NA,NA,NA,2250,2200,NA,2575,NA,2216,2228,2000,2025,NA,NA,3600,NA,4246,NA,3250,3850,NA,NA,NA,NA,2000,NA,2147,5800,4400,5348,4400,2000,NA,3098,NA,2050,NA,2225,NA,4050,3000,NA,2197,3600,2348,1950,2900,NA,NA,NA,NA,3167,NA,NA,NA,NA,NA,NA,3159,2400,2900,2200,2300,NA,NA,2850,2300,NA,2263,2400,2245,4495,NA,NA,NA,2050,4900,NA,2150,NA,NA,2098,NA,NA,NA,1875,3743,2200,2200,2245,NA,NA,7598,NA,3400,4500,NA,NA,NA,2295,2550,4595,NA,NA,NA,3000,2695,NA,NA,2150,NA
"103",2018-07-31,4195,4600,3498,2500,4400,NA,2300,NA,1900,6850,2150,NA,2200,NA,2456,NA,1800,1875,NA,3600,1899,NA,2123,2550,1950,NA,2600,4500,NA,1800,2490,NA,NA,3225,NA,2750,9500,2300,5625,3000,NA,NA,NA,3000,NA,3950,NA,3300,1950,2300,2343,NA,NA,2425,2475,NA,4785,5798,1900,2450,NA,2038,2495,1900,NA,3550,NA,NA,2154,5417,2100,6995,NA,NA,2313,1900,2575,3750,NA,NA,NA,2000,3325,3895,1999,2950,4795,2650,2500,1850,NA,NA,NA,NA,2250,2375,NA,NA,NA,2285,2250,2000,2050,NA,NA,3570,NA,3994,NA,3300,3775,NA,2985,NA,NA,1975,NA,2000,5679,4225,5000,4225,2000,NA,3000,NA,2100,NA,2050,NA,4025,2995,NA,2150,3500,2350,1850,2900,NA,NA,NA,NA,3100,NA,NA,NA,NA,NA,NA,3200,2500,2975,2295,2300,NA,NA,2575,2350,NA,2200,2350,2038,4569,NA,NA,NA,2100,6800,NA,2200,NA,NA,2000,NA,NA,NA,2100,3840,2125,2200,2038,NA,NA,7800,NA,3498,4400,NA,NA,NA,2295,2500,4395,NA,2050,NA,2995,2800,NA,NA,2300,NA
"104",2018-08-31,4200,4708,3498,2495,4500,NA,2300,NA,1795,6904,2150,NA,2400,NA,2500,NA,1800,1875,NA,3600,1925,NA,2025,2350,1950,NA,2600,4775,NA,1813,2484,NA,1900,3500,1750,2800,9975,2300,5500,2972,NA,NA,NA,3106,NA,3895,NA,3000,1963,2350,NA,NA,NA,2400,2500,NA,4703,5798,2000,2475,NA,2125,2495,1900,NA,3600,NA,NA,2150,5256,2195,7034,NA,NA,2398,1900,2500,3488,NA,NA,NA,2000,3400,3960,1995,2895,4795,2999,2400,1725,NA,NA,NA,NA,2235,2348,2611,2395,NA,2400,2200,2000,1970,NA,NA,3433,NA,4153,NA,3400,3760,NA,2995,NA,NA,2025,NA,2100,5600,4250,5248,4599,2000,NA,3100,NA,2099,NA,2000,NA,4000,2999,NA,2148,3600,2395,NA,2895,NA,NA,NA,NA,3095,NA,NA,NA,NA,NA,NA,3299,2400,2850,2195,2300,NA,NA,2600,2390,NA,2250,2450,1950,4495,NA,NA,NA,2100,6500,NA,2200,NA,NA,2348,NA,NA,NA,2150,3745,2200,2000,1950,NA,NA,7998,NA,3498,4500,NA,NA,NA,2300,2500,4495,NA,NA,NA,3000,2800,NA,NA,2250,1787
"105",2018-09-30,4400,4685,3600,2475,4575,NA,2300,NA,1800,6302,2200,NA,2275,NA,2520,NA,1800,1899,NA,3900,1850,NA,1999,2473,1995,NA,2600,4698,NA,1813,2435,NA,NA,3350,1750,2750,10000,2250,6123,2900,NA,NA,NA,3200,NA,3800,NA,2999,1950,2395,NA,NA,NA,2450,2299,NA,4557,5383,1900,2463,NA,2175,2500,1965,NA,3552,NA,NA,2300,5165,2200,7043,NA,NA,2150,1900,2500,3300,NA,NA,NA,1975,2825,4395,1995,2950,5200,2455,2400,NA,NA,NA,NA,NA,2250,2348,2611,NA,NA,2300,2100,2075,1965,NA,NA,3254,NA,4200,NA,3425,3800,NA,2873,NA,NA,1999,NA,2200,5775,4166,5323,4850,2100,NA,3000,NA,2025,NA,2225,NA,4300,2999,NA,2100,3500,2400,NA,2850,NA,NA,NA,NA,3200,NA,NA,NA,NA,NA,NA,3300,2452,2900,2300,2300,NA,NA,2700,2400,NA,2200,2400,2020,3600,NA,NA,NA,2150,7375,NA,2175,NA,NA,2300,NA,NA,NA,2250,3629,2300,1985,2020,NA,NA,7850,NA,3600,4575,NA,NA,NA,2300,2383,4600,NA,NA,NA,3000,2899,NA,NA,2200,NA
"106",2018-10-31,4500,4723,3500,2400,4725,NA,2300,NA,1799,6450,2125,NA,NA,NA,2500,NA,1800,1890,NA,3850,1900,NA,2025,2497,1995,NA,2500,4500,NA,1850,2400,NA,1900,3300,NA,2600,9950,2200,6000,2663,NA,NA,NA,3116,NA,3395,NA,2900,1800,2750,NA,NA,NA,2395,2250,NA,4295,5271,2000,2400,NA,2050,2497,1900,NA,3585,NA,NA,2130,5295,2200,7450,NA,NA,2208,NA,2425,2948,NA,NA,NA,1999,3100,3995,2000,2799,5400,2400,2350,1850,NA,NA,NA,NA,2225,2300,2611,NA,NA,2200,2100,2070,1995,NA,NA,3208,NA,4102,NA,3595,3822,NA,2788,NA,NA,1950,NA,NA,5605,4200,5650,4800,2000,NA,3000,NA,2025,NA,2000,NA,4425,2995,NA,2100,3500,2395,NA,2750,NA,NA,NA,NA,3200,NA,NA,NA,NA,NA,NA,3223,2383,2750,2200,2300,NA,NA,2500,2450,NA,2190,2300,2100,3483,NA,NA,NA,2000,7800,NA,2100,NA,NA,2095,NA,NA,NA,1988,3774,2319,1995,2100,NA,1800,8075,1750,3500,4725,NA,NA,NA,2295,2300,4648,NA,NA,NA,3000,2775,NA,NA,2100,NA
"107",2018-11-30,4671,4798,3650,2395,4579,NA,2300,NA,1725,6520,2150,NA,2300,NA,2475,NA,1700,1899,NA,3800,1895,NA,2050,2493,1950,NA,2499,3998,NA,1850,2395,NA,1900,3350,NA,2593,10500,2200,6163,2800,NA,NA,NA,3115,NA,3450,NA,2799,1950,NA,2403,NA,NA,2350,2263,NA,4375,5821,2000,2399,NA,2000,2450,1863,1835,3600,NA,NA,2049,5123,2150,7515,NA,NA,2200,NA,2395,3500,NA,NA,NA,1995,3100,4355,2095,2700,5400,2395,2350,1813,NA,NA,NA,NA,2250,2298,2611,NA,NA,2200,2200,2000,1883,NA,NA,3451,NA,3888,NA,3540,3932,NA,2695,NA,NA,1900,NA,2000,5632,4217,5500,4888,1995,NA,2800,NA,NA,NA,1950,NA,4590,2850,NA,2135,3500,2400,1688,2700,NA,NA,NA,NA,3100,NA,2000,NA,NA,NA,NA,3200,2375,2750,1995,2300,NA,NA,2500,2300,NA,2199,2373,2200,3798,NA,NA,NA,2000,7995,NA,2100,NA,NA,2000,NA,NA,NA,1865,3627,2300,2000,2200,NA,1750,8725,1750,3650,4579,NA,NA,NA,2250,2250,4795,NA,NA,NA,2900,2900,NA,NA,2090,NA
"108",2018-12-31,4750,4795,3875,2400,4500,NA,2250,NA,1799,6550,2100,NA,2075,NA,2495,NA,1700,1975,NA,3518,1875,NA,2049,2400,1895,1750,2499,4495,NA,1850,2350,NA,1900,3400,NA,2550,10900,2200,6403,2800,NA,NA,NA,2975,NA,3395,NA,2700,1950,NA,2445,NA,NA,2395,2326,NA,4200,6022,2000,2395,NA,2100,2500,1900,NA,3512,NA,NA,2100,5135,2200,8000,NA,NA,2300,1723,2400,3300,NA,NA,NA,1800,3600,4319,1950,2725,5495,2200,2363,1900,NA,NA,NA,NA,2245,2150,2611,NA,NA,2200,2295,1908,1850,NA,NA,3500,NA,4061,NA,3473,3938,NA,2695,NA,NA,1900,NA,2000,5557,4295,5195,4812,2000,NA,2600,NA,NA,NA,1925,NA,4050,2900,NA,2175,3500,2350,1825,2699,NA,NA,NA,NA,3000,NA,2100,NA,NA,NA,NA,3223,2382,2700,2150,2275,NA,NA,2678,2350,NA,2125,2393,2020,3600,NA,NA,NA,2000,8245,1885,2150,NA,NA,2175,NA,NA,NA,1900,3760,2200,2000,2020,NA,NA,8613,NA,3875,4500,NA,NA,NA,2200,2250,5300,NA,NA,NA,2940,2700,NA,NA,2050,1700
"109",2019-01-31,4942,4850,3975,2450,4662,NA,2300,NA,1850,6950,2200,NA,2150,NA,2399,NA,1700,1900,NA,3450,1895,NA,1999,2400,1950,NA,2499,5495,NA,1863,2399,NA,1900,3325,NA,2685,10000,2200,6400,2800,NA,NA,NA,2995,NA,3500,NA,2850,1895,NA,2438,NA,NA,2400,2337,NA,4174,6022,1970,2399,NA,2195,2500,1950,NA,3495,NA,NA,2100,5349,2220,8275,NA,NA,2300,1750,2350,3400,NA,NA,NA,1963,3650,4371,1900,2905,6000,2200,2390,NA,NA,NA,NA,NA,2245,2200,2611,NA,NA,2230,2150,1975,1900,NA,NA,3500,NA,4075,NA,3500,3995,NA,2795,NA,NA,1900,NA,2100,5275,4305,5630,5000,2100,NA,2747,NA,1850,NA,2275,NA,4000,3000,NA,2200,3500,2399,1700,2700,NA,NA,NA,NA,3197,NA,NA,NA,NA,NA,NA,3200,2300,2750,2150,2300,NA,NA,2625,2400,NA,2195,2350,2113,4000,NA,NA,NA,2000,9800,1950,2199,NA,NA,2020,NA,NA,NA,1850,4253,2200,2100,2113,NA,NA,8200,NA,3975,4662,NA,NA,NA,2200,2400,5200,NA,NA,NA,3116,2900,NA,NA,2100,NA
"110",2019-02-28,4700,4900,3883,2495,4600,NA,2300,NA,1900,6950,2200,NA,2325,NA,2399,NA,NA,1900,NA,3200,2000,NA,2022,2388,2000,NA,2500,5707,NA,1950,2450,NA,1900,3400,NA,2700,10077,2200,6180,3098,NA,NA,NA,3250,NA,3450,NA,2850,1875,NA,NA,NA,NA,2394,2343,NA,4232,5731,1975,2399,NA,2000,2550,1975,NA,3598,NA,NA,2050,5250,2200,7538,NA,NA,2275,NA,2313,3500,NA,NA,NA,2000,3200,4521,2000,2795,5800,2350,2494,2158,NA,NA,NA,NA,2250,2200,NA,NA,NA,2200,2125,2100,1950,NA,NA,3300,NA,4054,NA,3500,3950,NA,2795,NA,NA,1900,NA,NA,5500,4224,6042,5000,2100,NA,2600,NA,1800,NA,2800,NA,3804,2975,NA,2195,3662,2399,NA,2747,NA,NA,NA,NA,3250,NA,NA,NA,NA,NA,NA,2900,2368,2700,2195,2300,NA,NA,3000,2485,NA,2200,2300,1995,3856,NA,NA,NA,2200,9857,NA,2185,NA,NA,2000,NA,NA,NA,1858,3912,2300,2000,1995,NA,1825,8150,1800,3883,4600,NA,NA,NA,2248,2400,4895,NA,NA,NA,3000,2900,NA,NA,2075,NA
